Data Year,Utility Number,Utility Name,State,BA Code,Commercial Annual Savings (MWh),Industrial Annual Savings (MWh),Total Annual Savings (MWh),Commercial Peak Demand Annual Savings (MW),Industrial Peak Demand Annual Savings (MW),Total Peak Demand Annual Savings (MW),Commercial Cum Savings (MWh),Industrial Cum Savings (MWh),Total Cum Savings (MWh),Commercial Cum Peak Demand Savings (MWh),Industrial Cum Peak Demand Savings (MWh),Total Cum Peak Demand Savings (MWh),Commercial Annual Incent Cost (Thousand $),Industrial Annual Incent Cost (Thousand $),Total Annual Incent Cost (Thousand $),Commercial Non-Incentive Annual Costs (Thousand $),Industrial Non-Incentive Annual Costs (Thousand $),Total Non-Incentive Annual Costs (Thousand $),Commercial Incentive Cum Costs (Thousand $),Industrial Incentive Cum Costs (Thousand $),Total Incentive Cum Costs (Thousand $),Commercial Non-Incentive Cum Costs (Thousand $),Industrial Non-Incentive Cum Costs (Thousand $),Total Non-Incentive Cum Costs (Thousand $),Commercial Weighted Avg Life (Yrs),Industrial Weighted Avg Life (Yrs)
2023,162,Aiken Electric Coop Inc,SC,SC,.,.,206,.,.,0.0,.,.,"27,204",.,.,0.0,.,.,.,.,.,37,.,.,.,.,.,348,.,.
2023,189,PowerSouth Energy Cooperative,AL,SOCO,.,.,"2,550",.,.,2.1,.,.,"28,552",.,.,2.1,.,.,848,.,.,526,.,.,848,.,.,526,.,.
2023,195,Alabama Power Co,AL,SOCO,759,.,"5,767",0.2,.,11.9,"3,797",.,"45,489",0.2,.,11.9,36,.,"1,225",151,.,"1,095",36,.,"1,225",151,.,"1,095",5.000,.
2023,207,Alameda Municipal Power,CA,CISO,111,0,146,0.0,0.0,0.1,"1,460",0,"1,958",0.0,0.0,0.1,23,0,70,146,0,321,23,0,70,146,0,321,13.269,0.000
2023,295,City of Alexandria - (MN),MN,MISO,673,"2,386","3,306",0.1,0.5,0.7,"8,564","30,364","43,191",0.1,0.5,0.7,36,129,187,38,134,194,36,129,187,38,134,194,12.727,12.727
2023,554,City of Ames - (IA),IA,MISO,20,.,189,0.0,.,0.1,170,.,"1,856",0.0,.,0.1,2,.,197,2,.,54,2,.,197,2,.,54,10.000,.
2023,590,City of Anaheim - (CA),CA,CISO,"2,725","1,168","7,242",0.5,0.2,1.5,"31,169","12,612","82,545",0.5,0.2,1.5,827,355,"3,338",278,119,804,827,355,"3,338",278,119,804,11.437,10.798
2023,691,City of Anoka,MN,MISO,"4,462",.,"4,628",0.7,.,0.7,"40,228",.,"41,317",0.7,.,0.7,255,.,259,23,.,115,255,.,259,23,.,115,26.000,.
2023,733,Appalachian Power Co,VA,PJM,"2,200",135,"46,230",5.3,0.3,19.7,"60,552","3,718","495,141",5.3,0.3,19.7,"1,319",81,"9,150","1,584",97,"7,650","1,319",81,"9,150","1,584",97,"7,650",27.525,27.521
2023,733,Appalachian Power Co,WV,PJM,0,.,"2,436",.,.,1.0,.,.,"30,113",.,.,1.0,.,.,"2,143",.,.,"1,399",.,.,"2,143",.,.,"1,399",.,.
2023,803,Arizona Public Service Co,AZ,AZPS,"204,113",0,"313,784",38.7,0.0,105.8,"2,733,360",0,"4,075,898",38.7,0.0,105.8,"12,162",0,"27,508","13,183",0,"26,286","12,162",0,"27,508","13,183",0,"26,286",13.400,0.000
2023,814,Entergy Arkansas LLC,AR,MISO,"67,746","93,786","279,833",12.0,11.0,47.0,"701,403","884,079","3,278,686",12.0,11.0,47.0,"6,649","6,738","31,706","3,721","6,115","16,582","6,649","6,738","31,706","3,721","6,115","16,582",14.700,12.500
2023,924,"Associated Electric Coop, Inc",MO,SWPP,468,6,"5,727",1.2,0.0,2.4,"7,017",86,"109,661",1.2,0.0,2.4,308,5,"2,132",11,0,164,308,5,"2,132",11,0,164,13.000,13.000
2023,963,Atlantic City Electric Co,NJ,PJM,"30,169",.,"63,700",4.4,.,8.5,"428,498",.,"804,835",4.4,.,8.5,"7,106",.,"11,550","5,231",.,"13,123","7,106",.,"11,550","5,231",.,"13,123",14.200,.
2023,1009,City of Austin - (MN),MN,MISO,969,97,"1,275",0.2,0.0,0.2,"9,685",970,"12,747",0.2,0.0,0.2,110,8,172,64,18,131,110,8,172,64,18,131,10.000,10.000
2023,1015,Austin Energy,TX,ERCO,"62,433","20,811","111,939",21.8,7.3,39.4,"998,927","332,976","1,877,114",21.8,7.3,39.4,"2,336",779,"13,018","2,128",709,"7,695","2,336",779,"13,018","2,128",709,"7,695",16.000,16.000
2023,1050,City of Azusa,CA,CISO,"2,335",120,"2,668",0.7,0.0,0.8,"32,858","1,800","36,800",0.7,0.0,0.8,"1,030",20,"1,135",297,16,334,"1,030",20,"1,135",297,16,334,14.207,15.000
2023,1167,Baltimore Gas & Electric Co,MD,PJM,"150,232",0,"370,013",23.1,0.0,68.1,"1,775,688",0,"2,582,317",23.1,0.0,68.1,"46,101",0,"87,375","13,735",0,"33,022","46,101",0,"87,375","13,735",0,"33,022",11.820,0.000
2023,1251,Barron Electric Coop,WI,MISO,.,.,247,.,.,0.0,.,.,"4,952",.,.,0.0,.,.,65,.,.,72,.,.,65,.,.,72,0.000,.
2023,1273,"Bartlett Electric Coop, Inc",TX,ERCO,0,0,20,0.0,0.0,0.0,0,0,251,0.0,0.0,0.0,0,0,4,0,0,1,0,0,24,0,0,1,0.000,0.000
2023,1366,City of Bay City - (MI),MI,MISO,"1,719",.,"2,960",0.2,.,0.3,"24,093",.,"31,144",0.1,.,0.3,209,.,420,98,.,170,209,.,420,98,.,170,14.020,.
2023,1529,"Beltrami Electric Coop, Inc",MN,MISO,793,.,"4,921",0.1,.,1.2,"9,834",.,"61,229",0.1,.,1.2,53,.,336,2,.,197,53,.,336,2,.,197,12.359,.
2023,1579,PUD No 1 of Benton County,WA,BPAT,"1,806","2,980","6,187",0.5,0.4,1.6,"5,679","20,489","49,497",0.5,0.4,1.6,168,455,"1,038",115,49,525,168,455,"1,038",115,49,525,12.400,11.200
2023,1613,Berkeley Electric Coop Inc,SC,SC,449,.,982,0.1,.,1.2,"4,491",.,"9,930",0.1,.,1.2,17,.,172,1,.,100,17,.,172,1,.,100,10.000,.
2023,1723,"Big Bend Electric Coop, Inc",WA,BPAT,20,"1,274","1,363",0.0,0.4,0.5,301,"12,570","14,045",0.0,0.4,0.4,24,667,748,9,127,171,24,667,748,9,127,171,15.000,9.870
2023,1889,Blue Ridge Elec Member Corp - (NC),NC,DUK,.,.,135,.,.,1.0,.,.,"1,320",.,.,1.0,.,.,19,.,.,.,.,.,19,.,.,.,.,.
2023,2008,City of Boulder City - (NV),NV,WALC,.,.,45,.,.,.,.,.,512,.,.,.,.,.,15,.,.,.,.,.,15,.,.,11,.,.
2023,2089,Bozrah Light & Power Company,CT,ISNE,2,0,60,.,0.0,0.0,30,0,583,.,0.0,0.0,9,0,166,1,0,40,9,0,166,1,0,40,15.000,0.000
2023,2285,City of Brookings - (SD),SD,WACM,96,321,646,0.0,0.1,0.1,"1,219","4,082","9,359",0.0,0.1,0.1,6,21,41,7,22,43,6,21,41,7,22,43,12.731,12.731
2023,2442,City of Bryan - (TX),TX,ERCO,894,.,"1,166",0.2,.,0.3,"8,938",.,"11,663",0.1,.,0.1,101,.,208,42,.,123,101,.,208,42,.,123,10.000,.
2023,2507,City of Burbank Water and Power,CA,LDWP,"4,043",0,"5,319",1.3,0.0,1.7,"61,501",0,"68,110",1.3,0.0,1.7,251,0,"1,162",548,0,607,251,0,"1,162",548,0,607,15.303,0.000
2023,2548,City of Burlington Electric - (VT),VT,ISNE,"2,434",.,"2,922",0.4,.,0.5,"36,510",.,"43,342",0.4,.,0.5,730,.,"1,100",629,.,"1,034",730,.,"1,100",629,.,"1,034",15.000,.
2023,2643,Butler Public Power District - (NE),NE,SWPP,127,519,703,0.0,0.0,0.0,"1,401","3,448","5,705",0.0,0.0,0.0,5,38,64,3,33,37,5,38,64,3,33,37,11.000,6.641
2023,3046,Duke Energy Progress - (NC),NC,CPLE,"67,958",.,"346,039",12.2,.,64.9,"944,074",.,"3,080,832",12.2,.,64.9,"9,743",.,"38,919","6,589",.,"21,569","9,743",.,"38,919","6,589",.,"21,569",13.892,.
2023,3046,Duke Energy Progress - (NC),SC,CPLE,"11,211",.,"57,087",2.0,.,10.7,"155,747",.,"508,254",2.0,.,10.7,"1,607",.,"6,421","1,087",.,"3,558","1,607",.,"6,421","1,087",.,"3,558",13.892,.
2023,3107,Carteret-Craven El Member Corp,NC,CPLE,308,.,"2,302",0.0,.,0.2,"5,236",.,"7,279",0.0,.,0.3,0,.,1,304,.,319,0,.,1,304,.,319,17.000,.
2023,3203,Cedar Falls Utilities,IA,MISO,326,686,"1,819",0.2,0.1,0.6,"6,102","4,294","23,366",0.2,0.1,0.6,67,7,231,18,3,328,67,7,231,18,3,328,13.812,9.020
2023,3205,Cedar-Knox Public Power Dist,NE,SWPP,48,43,211,0.0,0.0,0.0,535,412,"2,843",0.0,0.0,0.0,3,4,43,3,3,16,3,4,43,3,3,16,11.091,9.548
2023,3240,Central Electric Coop Inc - (OR),OR,BPAT,"1,343",8,"2,393",0.2,0.0,0.4,"17,019",75,"36,451",0.2,0.0,0.4,229,2,948,.,.,.,229,2,948,.,.,.,12.670,10.000
2023,3245,"Central Florida Elec Coop, Inc",FL,SEC,28,0,115,0.0,0.0,0.0,352,0,"1,659",0.0,0.0,0.0,0,0,0,41,0,132,0,0,0,41,0,132,12.367,0.000
2023,3248,Central Georgia El Member Corp,GA,SOCO,.,.,107,.,.,0.0,.,.,"1,242",.,.,0.0,.,.,13,.,.,13,.,.,13,.,.,13,.,.
2023,3249,Central Hudson Gas & Elec Corp,NY,NYIS,"15,932",.,"53,411",.,.,.,"179,868",.,"680,730",.,.,.,"3,359",.,"6,315",401,.,"1,487","3,360",.,"6,316",401,.,"1,487",11.290,.
2023,3258,Central Iowa Power Cooperative,IA,MISO,1,0,12,0.0,0.0,1.3,6,6,182,0.0,0.2,1.5,21,11,613,2,2,130,21,11,613,2,2,130,9.272,16.048
2023,3264,Central Lincoln People's Ut Dt,OR,BPAT,608,932,"2,992",0.1,0.1,0.6,"8,413","14,356","51,937",0.1,0.1,0.6,104,253,"1,222",27,41,132,104,253,"1,222",27,41,132,13.846,15.400
2023,3265,Cleco Power LLC,LA,MISO,"13,890","1,277","34,178",4.1,0.4,8.3,"169,316","18,812","482,917",4.1,0.4,8.3,"1,459",110,"3,585",767,47,"2,504","1,459",110,"3,585",767,47,"2,504",12.200,14.700
2023,3278,AEP Texas Central Company,TX,ERCO,"8,925",0,"13,361",6.2,0.0,8.6,"153,915",0,"246,071",6.2,0.0,8.6,"1,629",0,"3,471",231,0,498,"1,629",0,"3,471",231,0,498,17.200,0.000
2023,3287,"Central Valley Elec Coop, Inc",NM,SWPP,0,79,189,0.0,0.0,0.0,0,79,198,0.0,0.0,0.0,0,30,32,0,0,114,0,30,32,0,0,114,0.000,1.000
2023,3295,City of Centralia - (WA),WA,BPAT,90,387,509,0.0,0.1,0.1,"1,086","4,648","6,206",0.0,0.1,0.1,21,74,109,.,.,.,21,74,109,.,.,.,12.000,12.000
2023,3400,City of Chaska - (MN),MN,MISO,"2,111",867,"3,482",0.3,0.2,0.7,"21,109","8,673","34,819",0.3,0.2,0.7,62,24,191,70,29,115,62,24,191,70,29,115,10.000,10.000
2023,3413,PUD No 1 of Chelan County,WA,CHPD,"8,059","3,246","13,515",1.8,0.6,3.5,"185,805","165,195","449,427",1.8,0.6,3.5,"3,883",208,"5,838",411,23,814,"3,883",208,"5,838",411,23,814,13.310,12.350
2023,3461,Cheyenne Light Fuel & Power,WY,WACM,"2,148",.,"2,213",0.7,.,0.7,"32,215",.,"33,196",0.7,.,0.7,343,.,373,226,.,307,343,.,373,226,.,307,15.000,.
2023,3477,City of Chicopee - (MA),MA,ISNE,864,200,"1,218",0.2,0.0,0.3,"12,963","3,003","17,505",0.2,0.0,0.3,162,33,373,64,13,183,162,33,373,64,13,183,15.000,15.000
2023,3502,"Choctawhatche Elec Coop, Inc",FL,SOCO,0,0,65,0.0,0.0,0.0,0,0,982,0.0,0.0,0.0,0,0,16,0,0,0,0,0,16,0,0,0,0.000,0.000
2023,3644,PUD No 1 of Clallam County,WA,BPAT,325,0,872,0.0,0.0,0.2,"4,176",0,"13,276",0.0,0.0,0.2,177,0,500,37,0,240,177,0,500,37,0,240,12.848,.
2023,3660,PUD No 1 of Clark County - (WA),WA,BPAT,"9,688","15,810","53,276",2.0,3.2,10.9,"116,256","189,720","389,310",2.0,3.2,10.9,"2,213","2,983","7,289",90,0,"1,099","2,213","2,983","7,289",90,0,"1,099",12.000,12.000
2023,3755,Cleveland Electric Illum Co,OH,PJM,"4,306",566,"11,372",0.7,0.1,2.6,"33,833","6,779","104,563",0.7,0.1,2.6,257,22,"4,050",193,93,"1,977",257,22,"4,050",193,93,"1,977",7.857,11.973
2023,3828,Cloverland Electric Co-op,MI,MISO,"1,336",0,"2,209",0.2,0.0,0.2,"19,173",0,"29,009",0.2,0.0,0.2,96,0,429,128,0,393,96,0,429,128,0,393,14.350,0.000
2023,3841,Coast Electric Power Assn - (MS),MS,SOCO,36,0,"3,698",0.0,0.0,0.8,536,0,"20,422",0.0,0.0,0.8,7,0,296,0,0,3,7,0,296,0,0,3,15.000,0.000
2023,3915,Coldwater Board of Public Util,MI,MISO,266,"1,209","1,568",0.6,2.8,3.5,266,"1,209","1,568",0.6,2.8,3.5,23,51,77,4,4,10,23,51,77,4,4,10,1.000,1.000
2023,3940,City of College Station - (TX),TX,ERCO,0,.,616,0.0,.,0.4,0,.,"8,000",0.0,.,0.4,0,.,196,0,.,122,0,.,196,0,.,122,0.000,.
2023,3989,City of Colorado Springs - (CO),CO,WACM,990,0,"1,139",0.5,0.0,0.5,"14,844",0,"16,786",0.5,0.0,0.5,231,0,239,742,0,881,231,0,239,742,0,881,15.000,0.000
2023,4003,City of Colton - (CA),CA,CISO,31,0,"4,064",0.0,0.0,1.6,542,0,"92,985",0.0,0.0,1.6,0,0,0,257,0,995,0,0,0,257,0,995,18.610,0.000
2023,4041,"Columbia Rural Elec Assn, Inc",WA,BPAT,285,"1,676","2,292",0.1,0.3,0.4,"5,739","16,981","27,071",0.1,0.3,0.4,87,323,489,.,.,.,87,323,489,.,.,.,20.210,10.130
2023,4045,City of Columbia - (MO),MO,MISO,"1,828",.,"2,544",0.3,.,0.6,"27,420",.,"42,456",0.3,.,0.6,104,.,371,120,.,300,104,.,371,120,.,300,15.000,.
2023,4110,Commonwealth Edison Co,IL,PJM,"756,720",.,"1,711,286",130.0,.,216.0,"9,244,884",.,"19,875,823",130.0,.,216.0,"180,076",.,"272,808","54,751",.,"107,565","180,076",.,"272,808","54,751",.,"107,565",12.380,.
2023,4176,Connecticut Light & Power Co,CT,ISNE,"153,395","45,819","212,049",26.0,7.8,39.8,"1,209,307","361,222","1,698,430",26.0,7.8,39.8,"37,990","11,348","128,326","14,032","3,594","25,529","37,990","11,348","128,326","14,032","3,594","25,529",7.884,7.884
2023,4226,Consolidated Edison Co-NY Inc,NY,NYIS,"203,656",.,"468,451",39.7,.,79.5,"2,243,469",.,"4,337,936",38.7,.,66.5,"51,998",.,"70,988","10,636",.,"17,763","104,728",.,"129,497","12,866",.,"21,320",11.020,.
2023,4254,Consumers Energy Co - (MI),MI,MISO,"388,952","94,441","661,884",60.5,15.7,89.2,"4,087,437","1,119,275","6,278,253",60.5,15.7,89.2,"42,076","13,287","87,812","48,070","15,180","102,140","42,076","13,287","87,812","48,070","15,180","102,140",10.509,11.852
2023,4317,"Coos-Curry Electric Coop, Inc",OR,BPAT,936,95,"1,232",0.1,0.0,0.1,"25,850","1,146","31,591",0.1,0.0,0.1,272,8,395,.,.,.,272,8,395,.,.,.,27.630,12.000
2023,4363,Corn Belt Power Coop,IA,SWPP,754,"3,283","5,093",0.2,0.7,1.1,"9,102","49,104","78,724",0.2,0.7,1.1,47,101,311,6,25,73,47,101,311,6,25,73,12.067,14.958
2023,4401,"Cotton Electric Coop, Inc",OK,SWPP,.,.,130,.,.,0.0,.,.,"1,818",.,.,0.0,.,.,53,.,.,8,.,.,92,.,.,8,.,.
2023,4432,Coweta-Fayette El Member Corp,GA,SOCO,.,.,"1,523",.,.,1.3,.,.,"15,226",.,.,1.3,.,.,51,.,.,285,.,.,51,.,.,285,0.000,0.000
2023,4442,PUD No 1 of Cowlitz County,WA,BPAT,"1,677","70,828","73,420",0.2,8.1,8.5,"19,376","714,066","747,648",0.2,8.1,8.5,302,"2,399","3,416",178,133,715,302,"2,399","3,416",178,133,715,11.555,10.082
2023,4671,Custer Public Power District,NE,SWPP,165,191,491,0.0,0.0,0.1,"1,813","2,118","6,301",0.0,0.0,0.1,6,10,66,5,7,18,6,10,66,5,7,18,11.000,11.085
2023,4683,City of Cuyahoga Falls - (OH),OH,PJM,6,223,229,0.0,0.1,0.1,97,"3,338","3,435",0.0,0.1,0.1,3,12,15,0,0,0,3,12,15,0,0,0,15.000,15.000
2023,4743,"Consumers Power, Inc",OR,BPAT,78,309,816,0.0,0.0,0.2,758,"3,091","11,599",0.0,0.0,0.2,14,56,274,8,31,81,14,56,274,8,31,81,10.000,10.000
2023,4794,City of Danville - (VA),VA,PJM,232,86,470,0.1,0.0,0.2,"3,253","1,720","7,458",0.1,0.0,0.2,16,9,76,.,.,175,16,9,76,.,.,175,14.000,20.000
2023,4911,Dawson Power District,NE,SWPP,683,392,"1,960",0.1,0.0,0.3,"8,107","3,928","27,707",0.1,0.0,0.3,51,12,344,27,6,69,51,12,344,27,6,69,11.878,10.023
2023,5027,Delmarva Power,MD,PJM,"37,030",.,"53,170",15.1,.,18.2,"476,724",.,"559,430",15.1,.,18.2,"11,143",.,"15,083","4,885",.,"8,943","11,143",.,"15,083","4,885",.,"8,943",12.900,.
2023,5063,City of Denton - (TX),TX,ERCO,.,.,334,.,.,0.1,.,.,"5,010",.,.,0.1,.,.,273,.,.,40,.,.,273,.,.,40,.,.
2023,5070,Delaware Electric Cooperative,DE,PJM,242,.,916,0.0,.,25.0,"1,620",.,"4,399",0.0,.,13.0,968,.,"1,313",108,.,142,968,.,"1,313",108,.,142,10.000,.
2023,5109,DTE Electric Company,MI,MISO,"624,402",0,"877,809",147.2,0.0,196.9,"7,441,958",0,"8,752,275",130.2,0.0,168.0,0,0,0,"87,533",0,"178,916",0,0,0,"87,533",0,"178,916",9.830,0.000
2023,5175,Dixie Electric Power Assn - (MS),MS,MISO,.,.,"2,661",.,.,0.1,.,.,"7,240",.,.,0.1,.,.,4,.,.,463,.,.,4,.,.,463,.,.
2023,5204,Dixie Electric Coop - (AL),AL,SOCO,.,.,15,.,.,.,.,.,146,.,.,.,.,.,6,.,.,.,.,.,6,.,.,.,.,.
2023,5416,"Duke Energy Carolinas, LLC",NC,DUK,"177,044",.,"577,869",29.3,.,102.2,"2,486,143",.,"4,369,289",29.3,.,102.2,"23,289",.,"41,924","11,508",.,"27,598","23,289",.,"41,924","11,508",.,"27,598",14.043,.
2023,5416,"Duke Energy Carolinas, LLC",SC,DUK,"62,688",.,"204,611",10.4,.,36.2,"546,288",.,"1,213,070",10.4,.,36.2,"8,246",.,"14,845","4,075",.,"9,772","8,246",.,"14,845","4,075",.,"9,772",8.714,.
2023,5417,Dunn County Electric Coop,WI,MISO,106,.,545,0.0,.,0.0,"1,413",.,"9,920",0.0,.,0.0,1,.,65,2,.,101,1,.,65,2,.,101,13.328,.
2023,5487,Duquesne Light Co,PA,PJM,"63,340","16,913","100,680",12.5,2.1,17.9,"561,549","239,185","910,793",12.5,2.1,17.9,"10,310",904,"13,360","5,662","1,397","12,079","10,310",904,"13,360","5,662","1,397","12,079",9.712,9.997
2023,5580,"East Kentucky Power Coop, Inc",KY,PJM,.,.,"5,276",.,.,2.3,.,.,"94,826",.,.,2.3,.,.,"1,044",.,.,169,.,.,"1,044",.,.,169,.,.
2023,5605,Eastern Iowa Light & Power Coop,IA,MISO,235,0,529,0.0,0.0,0.1,"3,050",0,"8,591",0.0,0.0,0.1,3,0,100,0,0,23,3,0,100,0,0,23,13.000,0.000
2023,5701,El Paso Electric Co,NM,EPE,"10,890",0,"17,515",1.8,0.0,3.5,"29,253",0,"108,161",1.8,0.0,3.5,"1,145",0,"2,796","1,137",0,"2,091","1,145",0,"2,796","1,137",0,"2,091",12.000,.
2023,5701,El Paso Electric Co,TX,EPE,"15,353",0,"20,828",3.5,0.0,5.5,"226,298",0,"300,539",3.5,0.0,5.5,920,0,"2,146",106,0,172,920,0,"2,146",106,0,172,15.000,.
2023,5729,Electrical Dist No8 Maricopa,AZ,AZPS,.,.,.,.,.,.,.,.,.,.,.,.,.,.,.,.,35,35,.,.,.,.,35,35,.,.
2023,5773,City of Elk River,MN,MISO,488,"1,937","2,652",.,.,.,"7,207","25,637","35,292",.,.,.,22,50,150,67,78,267,22,50,150,67,78,267,14.780,13.280
2023,5780,Elkhorn Rural Public Pwr Dist,NE,SWPP,285,414,843,0.0,0.0,0.1,"3,144","3,395","8,763",0.0,0.0,0.1,12,29,87,9,20,33,12,29,87,9,20,33,11.013,8.195
2023,5832,Elmhurst Mutual Power & Light Co,WA,BPAT,895,.,"1,099",0.2,.,0.2,"11,010",.,"14,528",0.2,.,0.2,104,.,180,.,.,.,104,.,180,.,.,.,12.310,.
2023,5860,Empire District Electric Co,MO,SWPP,"11,653",.,"13,291",0.6,.,0.9,"141,941",.,"162,959",0.6,.,1.0,"1,845",.,"2,158",225,.,611,"1,845",.,"2,158",225,.,611,13.181,.
2023,5862,"Empire Electric Assn, Inc",CO,WACM,205,.,"1,871",0.1,.,0.2,"2,698",.,"27,580",0.1,.,0.2,8,.,347,0,.,0,8,.,347,0,.,0,17.990,.
2023,5930,Village of Fairport - (NY),NY,NYIS,231,0,"2,409",0.6,0.0,21.8,"2,776",0,"24,552",0.6,0.0,21.9,88,0,440,10,0,47,88,0,440,10,0,47,12.000,.
2023,6022,City of Eugene - (OR),OR,BPAT,"7,778","3,583","14,320",1.0,0.1,1.8,"133,004","53,745","233,797",1.0,0.1,1.8,434,305,"2,845",0,539,539,434,305,"2,845",0,539,539,17.100,15.000
2023,6198,"Farmers Electric Coop, Inc - (NM)",NM,SWPP,.,.,88,.,.,0.2,.,.,88,.,.,0.2,.,.,16,.,.,0,.,.,16,.,.,0,.,.
2023,6374,Fitchburg Gas & Elec Light Co,MA,ISNE,"3,030",573,"5,408",0.4,0.1,1.1,"24,873","4,700","37,849",0.4,0.1,1.1,"1,047",122,"2,109",516,60,979,"1,047",122,"2,109",516,60,979,8.209,8.202
2023,6395,Flathead Electric Coop Inc,MT,BPAT,"5,364","5,190","15,720",.,.,.,"75,042","72,037","225,963",.,.,.,730,690,"2,108",.,.,.,.,.,.,.,.,.,13.990,13.880
2023,6452,Florida Power & Light Co,FL,FPL,"47,245",.,"79,568",11.0,.,23.0,"1,021,469",.,"1,462,877",11.0,.,23.0,"1,873",.,"6,493","1,194",.,"6,318","1,873",.,"6,493","1,194",.,"6,318",22.000,.
2023,6455,"Duke Energy Florida, LLC",FL,FPC,"9,744",.,"57,628",4.7,.,27.9,"126,022",.,"702,535",4.7,.,27.9,553,.,"9,565","2,072",.,"9,344",553,.,"9,565","2,072",.,"9,344",12.900,.
2023,6457,Florida Public Utilities Co,FL,JEA,0,0,190,0.0,0.0,0.2,0,0,"1,898",0.0,0.0,0.2,0,0,83,25,0,83,0,0,83,25,0,83,10.000,0.000
2023,6604,City of Fort Collins - (CO),CO,PSCO,"6,095","6,095","30,858",0.4,0.4,1.0,"39,112","39,112","156,363",0.4,0.4,1.0,945,945,"3,901",344,344,"1,433",945,945,"3,901",344,344,"1,433",6.400,6.400
2023,6616,Fort Pierce Utilities Authority,FL,,.,.,120,.,.,0.0,.,.,"1,895",.,.,0.0,.,.,25,.,.,2,.,.,25,.,.,2,.,.
2023,6640,Four County Elec Member Corp,NC,CPLE,.,.,"28,560",.,.,1.3,.,.,"334,790",.,.,1.3,.,.,14,.,.,454,.,.,14,.,.,454,.,.
2023,6716,PUD No 1 of Franklin County,WA,BPAT,"2,310","8,379","10,876",0.4,1.5,2.0,"27,857","89,278","124,933",0.3,1.0,1.2,282,455,"1,162",0,0,0,282,455,"1,162",0,0,0,12.060,10.660
2023,6782,Freeborn Mower Electric Cooperative,MN,MISO,"3,658",124,"6,284",0.3,0.0,0.4,"50,805","1,641","90,421",0.3,0.0,0.4,134,3,474,58,0,360,134,3,474,58,0,360,13.889,13.233
2023,6784,French Broad Elec Member Corp,NC,CPLE,65,.,"5,476",0.0,.,1.1,650,.,"25,000",0.0,.,1.1,.,.,.,5,.,107,.,.,.,5,.,107,12.000,.
2023,6909,Gainesville Regional Utilities,FL,GVL,.,.,718,.,.,0.1,.,.,"10,770",.,.,0.1,.,.,797,.,.,.,.,.,797,.,.,.,.,.
2023,7004,"Buckeye Power, Inc",OH,PJM,"5,012",.,"6,222",0.9,.,1.3,"35,321",.,"56,446",0.9,.,1.3,198,.,737,0,.,0,198,.,737,0,.,0,7.000,.
2023,7140,Georgia Power Co,GA,SOCO,"159,333",.,"278,502",24.3,.,37.8,"4,313,600",.,"5,093,031",92.6,.,104.4,"13,166",.,"27,460","12,835",.,"25,520","289,844",.,"495,994","198,028",.,"334,853",11.975,.
2023,7264,"Glades Electric Coop, Inc",FL,SEC,4,0,58,0.0,0.0,0.0,50,0,715,0.0,0.0,0.0,0,0,0,1,0,44,0,0,0,1,0,44,12.000,0.000
2023,7294,City of Glendale - (CA),CA,LDWP,"8,599",.,"18,622",1.4,.,3.6,"103,185",.,"133,531",1.4,.,3.6,"3,933",.,"6,536",256,.,347,"3,933",.,"6,536",256,.,347,12.000,.
2023,7353,Golden Valley Elec Assn Inc,AK,NA,.,.,15,.,.,0.0,.,.,641,.,.,0.0,.,.,0,.,.,2,.,.,0,.,.,13,.,.
2023,7483,City of Grand Haven - (MI),MI,MISO,372,372,"1,085",0.0,0.0,0.1,"3,464","3,464","8,589",0.0,0.0,0.1,21,21,98,82,82,180,21,21,98,82,82,180,6.530,6.530
2023,7548,PUD No 1 of Grays Harbor County,WA,BPAT,615,"1,684","3,216",0.1,0.2,0.4,"6,770","16,835","41,937",0.1,0.2,0.4,138,189,974,11,3,298,138,189,974,11,3,298,11.000,10.000
2023,7563,Grand Valley Power,CO,PSCO,.,.,10,.,.,0.0,.,.,108,.,.,0.0,.,.,0,.,.,2,.,.,0,.,.,2,.,.
2023,7570,Great River Energy,MN,MISO,"29,823",.,"63,271",4.9,.,16.7,"406,492",.,"955,703",4.9,.,16.7,"1,757",.,"5,416","1,206",.,"5,371","1,757",.,"5,416","1,206",.,"5,371",13.630,.
2023,7634,City of Greenville - (TX),TX,ERCO,.,.,3,.,.,0.0,.,.,3,.,.,0.0,.,.,2,.,.,0,.,.,2,.,.,0,.,.
2023,7716,Groton Dept of Utilities - (CT),CT,ISNE,"2,001",0,"2,164",0.2,0.0,0.2,"16,524",0,"18,710",0.2,0.0,0.2,567,0,"1,371",261,0,282,567,0,"1,371",261,0,282,8.300,0.000
2023,7785,"Gulf Coast Electric Coop, Inc",FL,SOCO,.,.,170,.,.,1.3,.,.,"1,696",.,.,1.3,.,.,34,.,.,11,.,.,34,.,.,11,.,.
2023,8319,Heartland Power Coop,IA,MISO,233,785,"1,399",0.0,0.1,0.2,"4,436","11,513","22,541",0.0,0.1,0.2,16,8,64,0,0,1,16,8,64,0,0,1,19.082,14.667
2023,8333,Haywood Electric Member Corp,NC,DUK,.,.,.,.,.,.,.,.,"2,280",.,.,2.3,.,.,2,.,.,.,.,.,2,.,.,.,.,.
2023,8449,Henderson City Utility Comm,KY,MISO,36,144,182,0.0,0.0,0.0,"5,223","20,614","25,920",0.0,0.0,0.0,2,31,33,0,0,0,39,749,791,164,0,164,10.000,10.000
2023,8566,High Plains Power Inc,WY,WACM,206,0,275,0.0,0.0,0.0,"2,470",0,"3,505",0.0,0.0,0.0,0,0,17,0,0,0,39,0,67,0,0,0,12.000,.
2023,8570,Highline Electric Assn,CO,WACM,53,160,958,0.0,0.1,0.2,637,"2,756","13,054",0.0,0.1,0.2,0,13,81,.,.,.,0,13,81,.,.,.,12.000,19.140
2023,8570,Highline Electric Assn,NE,WACM,0,130,208,0.0,0.1,0.1,.,"2,243","3,335",.,0.1,0.1,.,13,25,.,.,.,.,13,25,.,.,.,.,19.270
2023,8620,"HILCO Electric Cooperative, Inc.",TX,ERCO,.,.,380,.,.,0.1,.,.,380,.,.,0.1,.,.,37,.,.,.,.,.,37,.,.,.,.,.
2023,8699,Inland Power & Light Company,ID,BPAT,91,.,102,0.0,.,0.0,365,.,403,0.0,.,0.0,2,.,3,0,.,0,2,.,3,0,.,0,2.568,.
2023,8699,Inland Power & Light Company,WA,BPAT,"3,149",.,"3,665",0.4,.,0.4,"15,755",.,"21,770",0.4,.,0.4,"1,316",.,"1,546",.,.,.,"1,316",.,"1,546",.,.,.,14.030,.
2023,8723,City of Holland,MI,MISO,"3,443","6,393","13,675",0.5,1.1,3.9,"51,645","92,012","162,852",0.5,1.1,3.9,300,557,"1,244",158,158,475,300,557,"1,244",158,158,475,15.000,14.000
2023,8773,"Holy Cross Electric Assn, Inc",CO,PSCO,"2,142",0,"4,322",0.8,0.0,1.9,"29,129",0,"55,561",0.8,0.0,1.9,203,0,"1,064",45,0,234,203,0,"1,064",45,0,234,13.600,0.000
2023,8774,City of Holyoke - (MA),MA,ISNE,39,0,140,0.0,0.0,0.1,975,0,"3,500",0.0,0.0,0.1,0,0,130,600,0,976,0,0,130,600,0,976,25.000,25.000
2023,8901,CenterPoint Energy,TX,ERCO,"107,252",0,"185,068",24.0,0.0,59.6,"1,486,911",0,"2,682,888",24.0,0.0,59.6,"13,577",0,"30,529","1,349",0,"2,656","13,577",0,"30,529","1,349",0,"2,656",13.967,0.000
2023,9187,City of Idaho Falls - (ID),ID,PACE,"3,263",536,"4,070",0.6,0.1,0.7,"38,656","5,360","47,812",0.6,0.1,0.7,650,67,"1,211",0,0,0,650,67,"1,211",0,0,0,11.850,10.000
2023,9191,Idaho Power Co,ID,IPCO,"37,782","65,984","136,928",4.3,7.5,15.6,"491,162","923,776","1,580,746",4.3,7.5,15.6,"3,933","9,899","14,456","4,070","5,134","15,138","3,933","9,899","14,456","4,070","5,134","15,138",13.000,14.000
2023,9191,Idaho Power Co,OR,IPCO,"1,137",984,"2,554",0.1,0.1,0.3,"14,776","13,782","30,722",0.1,0.1,0.3,152,133,312,222,215,704,152,133,312,222,215,704,13.000,14.000
2023,9216,Imperial Irrigation District,CA,IID,"21,701",0,"28,738",1.6,0.0,5.7,"434,017",0,"501,216",1.6,0.0,5.7,824,0,"2,422",908,0,"3,875",824,0,"2,422",908,0,"3,875",20.000,0.000
2023,9231,City of Independence - (MO),MO,SWPP,0,0,384,0.0,0.0,0.4,0,0,"4,528",0.0,0.0,0.3,111,.,170,.,.,24,111,.,170,.,.,24,.,.
2023,9234,Indiana Municipal Power Agency,IN,MISO,11,.,31,0.0,.,0.0,55,.,155,0.0,.,0.0,2,.,4,.,.,.,2,.,4,.,.,.,5.000,.
2023,9267,"Hoosier Energy R E C, Inc",IN,MISO,"1,691",.,"4,850",0.3,.,1.9,"19,391",.,"75,955",0.3,.,1.9,153,.,"1,531",.,.,.,153,.,"1,531",.,.,.,11.467,.
2023,9273,AES Indiana,IN,MISO,"115,808",.,"177,107",16.4,.,27.0,"1,508,978",.,"1,809,956",16.4,.,27.0,"13,985",.,"17,432","7,552",.,"21,272","13,985",.,"17,432","7,552",.,"21,272",13.030,.
2023,9286,Illinois Municipal Elec Agency,IL,MISO,.,"4,990","5,154",.,0.8,0.8,.,"19,958","20,615",.,0.8,0.8,.,837,847,.,41,46,.,837,847,.,41,46,.,4.000
2023,9324,Indiana Michigan Power Co,IN,PJM,"72,326",.,"93,352",12.0,.,21.7,"660,701",.,"871,950",12.0,.,21.7,"4,008",.,"4,408","3,957",.,"5,443","4,008",.,"4,408","3,957",.,"5,443",9.100,.
2023,9324,Indiana Michigan Power Co,MI,PJM,"25,802","1,163","37,526",6.0,0.3,7.8,"134,934","1,992","219,693",6.0,0.3,7.8,"1,564",69,"2,166","1,384",61,"2,610","1,564",69,"2,166","1,384",61,"2,610",5.200,1.700
2023,9417,Interstate Power and Light Co,IA,MISO,"18,801","19,043","70,628",3.1,5.5,11.4,"211,849","171,427","556,769",3.1,5.5,11.4,"1,953","3,964","7,179","1,796","2,009","10,380","1,953","3,964","7,179","1,796","2,009","10,380",11.268,9.002
2023,9576,Jackson County Rural E M C - (IN),IN,MISO,.,.,410,.,.,0.2,.,.,"4,099",.,.,0.2,.,.,147,.,.,131,.,.,147,.,.,131,.,.
2023,9601,Jackson Electric Member Corp - (GA),GA,SOCO,826,171,"3,087",0.2,0.0,0.8,"4,289",886,"23,158",0.2,0.0,0.9,0,2,"2,450",0,0,0,0,2,"2,450",0,0,0,5.000,5.000
2023,9617,JEA,FL,JEA,"13,934",.,"40,180",3.0,.,7.8,"178,477",.,"398,699",0.6,.,2.5,929,.,"2,096",454,.,"1,752",929,.,"2,096",454,.,"1,752",12.810,.
2023,9689,Jefferson Electric Member Corp,GA,SOCO,563,.,"3,473",.,.,.,"5,955",.,"30,374",.,.,.,.,.,.,10,.,45,.,.,.,47,.,795,19.000,.
2023,9699,"Jemez Mountains Elec Coop, Inc",NM,WALC,371,.,714,0.1,.,0.1,"4,454",.,"9,574",0.1,.,0.1,18,.,73,.,.,.,18,.,73,.,.,.,12.000,.
2023,9726,Jersey Central Power & Lt Co,NJ,PJM,"73,131","5,308","179,915",14.0,1.0,26.1,"932,503","73,176","2,299,439",14.0,1.0,26.1,"26,269","1,095","42,955","6,472",270,"18,889","26,269","1,095","42,955","6,472",270,"18,889",12.751,13.786
2023,9750,"Jo-Carroll Energy, Inc",IL,MISO,701,.,"1,093",0.0,.,0.1,"9,146",.,"15,284",0.0,.,0.1,15,.,64,.,.,.,15,.,64,.,.,.,13.046,.
2023,9778,Johnson County Rural E M C,IN,MISO,.,397,529,.,0.1,0.1,.,"5,955","8,331",.,0.1,0.1,.,5,92,.,.,.,.,5,92,.,.,.,.,15.000
2023,9996,City of Kansas City - (KS),KS,SWPP,0,0,198,0.0,0.0,0.4,0,0,"1,980",0.0,0.0,0.4,0,0,145,0,0,0,0,0,145,0,0,0,.,.
2023,10000,Evergy Metro,MO,SWPP,"22,342",.,"32,120",4.5,.,7.6,"261,741",.,"359,214",4.5,.,7.6,"3,414",.,"6,559","1,419",.,"3,674","3,414",.,"6,559","1,419",.,"3,674",11.700,.
2023,10066,K C Electric Association,CO,WACM,244,.,528,0.1,.,0.1,"2,929",.,"7,202",0.1,.,0.1,10,.,79,.,.,.,10,.,79,.,.,.,12.000,.
2023,10071,Kauai Island Utility Cooperative,HI,NA,679,6,"2,450",0.6,0.0,1.5,"10,936",96,"43,791",0.6,0.0,1.9,114,1,413,27,0,97,114,1,413,27,0,97,14.270,0.130
2023,10171,Kentucky Utilities Co,KY,LGEE,"20,633",0,"22,940",4.0,0.0,4.0,"412,655",0,"458,794",4.0,0.0,4.0,1,0,1,1,0,7,1,0,1,1,0,7,20.000,0.000
2023,10376,Kissimmee Utility Authority,FL,,141,0,357,79.9,0.0,79.9,"1,694",0,"4,646",79.9,0.0,79.9,9,0,94,0,0,0,9,0,94,7,0,246,12.044,0.000
2023,10393,PUD No 1 of Klickitat County,WA,BPAT,451,"1,253","1,821",.,.,.,"5,603","15,036","23,003",.,.,.,77,196,340,.,.,.,77,196,340,.,.,.,12.430,12.000
2023,10454,Kootenai Electric Cooperative,ID,AVA,151,0,319,0.0,0.0,0.1,"1,857",0,"4,932",0.0,0.0,0.1,30,0,112,34,0,72,30,0,112,34,0,72,12.333,0.000
2023,10539,"La Plata Electric Assn, Inc",CO,WACM,"1,172",.,"3,876",0.2,.,0.5,"14,063",.,"54,787",0.2,.,0.5,108,.,"1,235",0,.,0,108,.,"1,235",0,.,0,12.000,.
2023,10623,City of Lakeland - (FL),FL,FMPP,476,0,"2,407",0.2,0.0,1.3,"2,857",0,"24,382",0.5,0.0,1.8,27,0,441,0,0,0,27,0,441,0,0,0,14.045,0.000
2023,10627,Lakeview Light & Power,WA,BPAT,517,33,563,0.1,0.0,0.1,"6,681",398,"7,202",0.1,0.0,0.1,86,2,91,.,.,.,86,2,91,.,.,.,12.000,12.000
2023,10681,Lane Electric Coop Inc,OR,BPAT,98,.,278,0.0,.,0.1,"1,352",.,"4,557",0.0,.,0.1,24,.,170,.,.,.,24,.,170,.,.,.,13.790,.
2023,10704,City of Lansing - (MI),MI,MISO,"14,756","8,650","29,493",2.2,1.7,4.8,"191,824","112,452","368,804",2.8,2.2,6.0,"1,230",169,"2,014",669,393,"1,548","1,230",169,"2,014",669,393,"1,548",13.000,13.000
2023,10857,"Lee County Electric Coop, Inc - (FL)",FL,FPL,0,.,"56,562",0.0,.,0.0,0,.,"452,496",0.0,.,0.0,0,.,0,0,.,74,0,.,0,0,.,74,0.000,.
2023,10868,City of Leesburg - (FL),FL,FPC,.,.,35,.,.,0.0,.,.,510,.,.,0.0,.,.,20,.,.,0,.,.,20,.,.,0,.,.
2023,10879,Lehi City Corporation,UT,PACE,.,.,52,.,.,.,.,.,632,.,.,.,.,.,4,.,.,.,.,.,4,.,.,.,.,.
2023,10944,PUD No 1 of Lewis County,WA,BPAT,"1,279","3,625","5,772",1.9,1.7,4.0,"16,004","36,481","69,158",1.9,1.7,4.0,372,230,"1,392",96,59,357,372,230,"1,392",96,59,357,12.510,10.060
2023,10967,City of Lexington - (NE),NE,SWPP,2,0,197,0.0,0.0,0.0,29,0,"2,555",0.0,0.0,0.0,0,0,61,0,0,19,0,0,61,0,0,19,14.996,0.000
2023,11018,Lincoln Electric System,NE,SWPP,"1,535","7,930","10,091",0.5,1.6,2.9,"18,420","95,160","121,092",0.5,1.6,2.9,190,716,"2,154",81,81,244,190,716,"2,154",81,81,244,12.000,12.000
2023,11053,Linn County REC,IA,MISO,465,0,751,0.2,0.0,0.3,"7,203",0,"12,351",0.2,0.0,0.3,43,0,199,3,0,27,43,0,199,3,0,27,15.490,.
2023,11124,City of Lodi - (CA),CA,CISO,901,.,"1,219",0.1,.,0.2,"9,550",.,"12,835",0.1,.,0.2,155,.,383,6,.,90,155,.,383,6,.,90,10.965,.
2023,11135,City of Logan - (UT),UT,PACE,13,.,27,0.0,.,0.0,127,.,634,0.2,.,0.2,1,.,4,5,.,6,1,.,4,5,.,6,10.000,.
2023,11171,Long Island Power Authority,NY,NYIS,"53,016",.,"223,037",15.1,.,34.3,"848,248",.,"3,166,445",15.0,.,34.0,"19,960",.,"53,724","9,007",.,"31,830","19,960",.,"53,724","9,007",.,"31,830",16.000,.
2023,11187,City of Longmont,CO,PSCO,"3,580",.,"4,125",0.5,.,0.5,"45,397",.,"52,563",0.5,.,0.5,"1,182",.,"1,631",377,.,709,"1,182",.,"1,631",377,.,709,12.682,.
2023,11208,Los Angeles Department of Water & Power,CA,LDWP,"116,171",0,"145,661",18.6,0.0,29.3,"1,101,239",0,"1,422,710",18.6,0.0,29.3,"48,070",0,"67,752","22,505",0,"48,607","48,070",0,"67,752","22,505",0,"48,607",11.237,0.000
2023,11241,Entergy Louisiana LLC,LA,MISO,"32,634",.,"73,363",3.4,.,11.2,"454,663",.,"1,048,309",3.4,.,11.2,"3,021",.,"7,511","2,114",.,"4,742","3,021",.,"7,511","2,114",.,"4,742",14.198,.
2023,11249,Louisville Gas & Electric Co,KY,LGEE,"33,386",0,"36,225",5.9,0.0,5.9,"667,712",0,"724,487",5.9,0.0,5.9,1,0,1,1,0,7,1,0,1,1,0,7,20.000,0.000
2023,11251,Loup River Public Power Dist,NE,SWPP,623,297,"1,735",0.1,0.0,0.3,"6,879","2,078","19,250",0.1,0.0,0.3,29,22,275,27,11,82,29,22,295,27,11,82,11.047,7.000
2023,11256,City of Loveland - (CO),CO,PSCO,"3,676",0,"5,009",0.6,0.0,0.9,"48,794",0,"58,021",0.6,0.0,0.9,"1,187",0,"1,561",335,0,823,"1,187",0,"1,561",335,0,823,13.275,0.000
2023,11291,Lumbee River Elec Member Corp,NC,CPLE,.,.,"4,983",.,.,.,.,.,"5,418",.,.,.,.,.,1,.,.,1,.,.,1,.,.,1,.,.
2023,11475,City of Madison - (SD),SD,MISO,.,.,2,.,.,0.0,.,.,"1,542",.,.,0.0,.,.,1,.,.,0,.,.,68,.,.,0,.,.
2023,11501,Magic Valley Electric Coop Inc,TX,ERCO,.,.,45,.,.,2.1,.,.,195,.,.,2.1,.,.,10,.,.,.,.,.,10,.,.,.,.,.
2023,11571,Manitowoc Public Utilities,WI,MISO,.,.,52,.,.,0.0,.,.,52,.,.,0.0,.,.,16,.,.,0,.,.,16,.,.,0,.,.
2023,11646,City of Marietta - (GA),GA,SOCO,.,.,72,.,.,0.0,.,.,776,.,.,0.0,.,.,5,.,.,3,.,.,0,.,.,34,.,.
2023,11701,City of Marquette - (MI),MI,MISO,0,.,39,0.0,.,0.0,0,.,136,0.0,.,0.0,0,.,5,9,.,13,0,.,5,9,.,13,0.000,.
2023,11731,City of Marshall - (MN),MN,MISO,341,279,689,0.1,0.0,0.2,"6,783","2,347","9,842",0.1,0.0,0.2,29,10,67,11,4,35,29,10,67,11,4,35,19.880,8.420
2023,11804,Massachusetts Electric Co,MA,ISNE,"90,303","55,347","216,931",14.1,8.7,53.8,"750,113","459,747","1,412,398",14.1,8.7,53.8,41,7,247,28,5,88,41,7,247,28,5,88,8.310,8.310
2023,11811,Town of Massena - (NY),NY,NYIS,121,.,276,0.0,.,0.0,"1,937",.,"2,805",0.0,.,0.0,5,.,20,81,.,96,5,.,20,81,.,96,14.260,.
2023,12087,McKenzie Electric Coop Inc,ND,SWPP,.,.,.,.,.,.,.,.,.,.,.,.,.,.,1,.,.,.,.,.,1,.,.,.,.,.
2023,12187,City of McMinnville - (OR),OR,BPAT,313,0,"2,476",0.1,0.0,0.5,"3,607",0,"41,457",0.1,0.0,0.5,67,0,765,9,0,70,67,0,765,9,0,70,11.667,0.000
2023,12199,Montana-Dakota Utilities Co,MT,SWPP,413,.,419,0.0,.,0.0,"5,865",.,"5,923",0.0,.,0.0,36,.,37,.,.,.,36,.,37,.,.,.,10.000,.
2023,12312,Merced Irrigation District,CA,CISO,262,.,268,0.0,.,0.0,262,.,268,0.0,.,0.0,21,.,34,.,.,.,21,.,34,.,.,.,1.000,.
2023,12341,MidAmerican Energy Co,IA,MISO,"52,828","18,520","109,312",10.1,2.7,24.9,"1,004,490","262,478","1,358,714",10.5,2.6,19.1,"8,271","2,588","14,552","3,426","1,102","6,087","8,271","2,588","14,552","3,426","1,102","6,087",19.010,14.170
2023,12341,MidAmerican Energy Co,IL,MISO,"4,545","1,991","14,083",0.7,0.2,3.3,"56,288","26,715","97,390",0.7,0.2,1.4,635,342,"1,466",231,99,581,635,342,"1,466",231,99,581,12.390,13.420
2023,12390,Metropolitan Edison Co,PA,PJM,"19,981","37,791","88,476",3.3,4.7,12.8,"261,234","522,126","1,110,551",3.3,4.7,12.8,"5,369","1,832","13,551","1,540","1,477","6,111","5,369","1,832","13,551","1,540","1,477","6,111",13.074,13.816
2023,12395,Menard Electric Coop,IL,MISO,.,.,22,.,.,0.0,.,.,330,.,.,0.0,.,.,2,.,.,0,.,.,2,.,.,0,.,.
2023,12450,Midland Power Coop,IA,MISO,9,.,489,0.0,.,0.1,70,.,"9,510",0.0,.,0.1,20,.,143,2,.,68,20,.,143,2,.,68,15.000,.
2023,12478,Town of Middletown - (DE),DE,PJM,423,0,438,0.1,0.0,0.1,"6,210",0,"6,296",0.1,0.0,0.1,22,0,28,34,0,45,22,0,28,34,0,45,14.670,0.000
2023,12539,Midwest Electric Member Corp - (NE),NE,WACM,53,526,961,0.0,0.3,0.4,637,"9,019","15,486",0.0,0.5,0.5,3,46,137,.,.,.,3,46,137,.,.,.,12.000,19.060
2023,12647,"ALLETE, Inc.",MN,MISO,"48,555",.,"67,342",4.3,.,6.5,"639,718",.,"913,973",2.8,.,4.4,"2,618",.,"4,568","3,370",.,"5,178","2,618",.,"4,568","3,370",.,"5,178",13.175,.
2023,12685,Entergy Mississippi LLC,MS,MISO,"29,354",.,"57,872",5.8,.,10.8,"369,399",.,"641,581",5.8,.,10.8,"5,480",.,"11,799","2,267",.,"5,441","5,480",.,"11,799","2,267",.,"5,441",12.584,.
2023,12686,Mississippi Power Co,MS,SOCO,"11,792",0,"25,662",3.1,0.0,6.7,"112,262",0,"182,862",3.1,0.0,6.7,"1,298",0,"2,888",580,0,"1,956","1,298",0,"2,888",580,0,"1,956",9.520,0.000
2023,12692,"Missoula Electric Coop, Inc",MT,BPAT,146,54,940,0.1,0.0,0.4,"3,761",257,"10,029",0.0,0.0,0.0,29,0,191,15,6,224,75,5,406,79,14,497,12.000,10.000
2023,12698,Evergy Missouri West,MO,SWPP,"12,857",.,"27,184",2.8,.,7.0,"156,674",.,"297,526",2.8,.,7.0,"2,220",.,"5,296","1,528",.,"3,720","2,220",.,"5,296","1,528",.,"3,720",12.200,.
2023,12744,Modern Electric Water Company,WA,AVA,319,.,348,0.1,.,0.1,"3,827",.,"4,573",0.1,.,0.1,52,.,63,54,.,59,52,.,63,54,.,59,12.000,.
2023,12745,Modesto Irrigation District,CA,BANC,"2,985","2,069","5,534",0.2,0.3,0.6,"44,779","31,032","81,825",0.2,0.3,0.6,254,165,834,383,282,769,254,165,834,383,282,769,14.999,15.000
2023,12825,NorthWestern Energy LLC - (MT),MT,NWMT,"42,937",.,"55,590",0.0,.,0.0,"606,024",.,"791,417",0.0,.,0.0,"2,685",.,"3,606","3,474",.,"7,411","2,685",.,"3,606","3,474",.,"7,411",14.110,.
2023,12894,City of Moorhead - (MN),MN,SWPP,119,543,993,0.0,0.1,0.2,"1,533","6,984","14,227",0.0,0.1,0.2,6,27,61,6,28,64,6,27,61,6,28,64,12.855,12.855
2023,13050,"Mountain Parks Electric, Inc",CO,WACM,316,0,558,0.1,0.0,0.1,"3,789",0,"7,310",0.1,0.0,0.1,12,0,62,0,0,0,12,0,62,0,0,0,12.000,0.000
2023,13058,"Mountain View Elec Assn, Inc",CO,WACM,341,.,"1,608",0.1,.,0.3,"4,090",.,"22,724",0.1,.,0.3,21,.,254,4,.,20,21,.,254,4,.,20,12.000,.
2023,13143,Board of Water Electric & Communications,IA,MISO,45,.,143,0.0,.,0.0,586,.,"2,079",0.0,.,0.0,10,.,50,.,.,.,22,.,80,.,.,.,13.058,.
2023,13208,City of Naperville - (IL),IL,PJM,.,.,158,.,.,4.0,.,.,"4,608",.,.,4.0,.,.,4,.,.,7,.,.,273,.,.,14,.,.
2023,13214,The Narragansett Electric Co,RI,ISNE,"49,629","21,779","113,814",7.2,3.2,16.1,"404,480","177,506","816,521",7.2,3.2,16.1,"28,824","12,649","73,910","6,301","2,765","21,931","28,824","12,649","73,910","6,301","2,765","21,931",8.150,8.150
2023,13337,Nebraska Public Power District,NE,SWPP,"2,223",370,"3,384",0.4,0.0,0.5,"24,774","5,556","41,933",0.4,0.0,0.5,114,26,402,103,5,127,114,26,402,103,5,127,11.143,15.000
2023,13407,Nevada Power Co,NV,NEVP,"149,431",0,"240,200",36.2,0.0,70.4,"1,593,813",0,"2,354,376",36.2,0.0,70.4,"5,434",0,"12,113","8,867",0,"20,235","5,434",0,"12,113","8,867",0,"20,235",10.700,0.000
2023,13441,New Hampshire Elec Coop Inc,NH,ISNE,"3,744",.,"5,489",0.5,.,0.7,"42,508",.,"68,790",0.5,.,0.7,959,.,"3,294",332,.,956,959,.,"3,294",332,.,956,11.350,.
2023,13478,"Entergy New Orleans, LLC",LA,MISO,"26,473","1,010","69,212",3.9,0.1,11.6,"355,803","14,299","607,510",3.9,0.1,11.6,"2,873",106,"8,497","4,763",175,"8,339","2,873",106,"8,497","4,763",175,"8,339",13.968,14.156
2023,13511,New York State Elec & Gas Corp,NY,NYIS,"47,803",.,"150,407",7.9,.,19.5,"596,770",.,"1,750,878",7.9,.,19.5,"8,926",.,"31,026","1,583",.,"6,946","8,926",.,"31,026","1,583",.,"6,946",15.000,.
2023,13519,City of Newark - (DE),DE,PJM,620,.,728,.,.,.,"9,003",.,"9,782",.,.,.,31,.,36,.,.,.,700,.,775,.,.,.,10.000,0.000
2023,13573,Niagara Mohawk Power Corp.,NY,NYIS,"109,658","67,210","349,037",23.1,14.2,38.5,"1,318,708","808,240","3,138,105",23.1,14.2,38.5,"21,844","13,388","58,848","3,490","2,139","10,489","21,844","13,388","58,848","3,490","2,139","10,489",12.000,12.000
2023,13630,North Carolina Mun Power Agny #1,NC,DUK,987,281,"1,745",0.5,0.4,1.1,"9,740","3,739","18,048",0.5,0.4,1.0,154,63,279,37,29,179,154,63,279,37,29,179,9.872,13.293
2023,13664,Norris Public Power District,NE,SWPP,927,142,"1,853",0.1,0.0,0.3,"10,203","1,277","24,104",0.1,0.0,0.3,55,11,359,47,3,90,55,11,359,47,3,90,11.009,9.014
2023,13676,"North Arkansas Elec Coop, Inc",AR,MISO,.,.,182,.,.,0.2,.,.,"3,318",.,.,0.2,.,.,.,.,.,"1,048",.,.,.,.,.,"7,792",.,.
2023,13687,North Carolina Eastern M P A,NC,CPLE,60,20,502,0.2,0.1,0.5,180,60,"3,557",0.1,0.1,0.4,0,0,14,40,2,180,0,0,14,40,2,180,3.000,3.000
2023,13725,City of North Platte,NE,SWPP,131,0,233,0.0,0.0,0.1,"1,446",0,"2,321",0.0,0.0,0.1,7,.,33,5,.,9,7,.,33,5,.,9,11.000,.
2023,13756,Northern Indiana Pub Serv Co,IN,MISO,"76,272",.,"113,908",9.5,.,45.2,"1,056,254",.,"1,249,456",6.4,.,9.9,"8,119",.,"11,846","3,351",.,"7,213","8,119",.,"11,846","3,351",.,"7,213",13.848,.
2023,13780,Northern States Power Co,MI,MISO,163,.,"1,599",0.1,.,0.1,"2,078",.,"14,858",0.1,.,0.1,36,.,205,76,.,171,36,.,205,76,.,171,12.750,.
2023,13780,Northern States Power Co,WI,MISO,.,.,.,.,.,.,.,.,.,.,.,.,529,.,"1,178",636,.,759,529,.,"1,178",636,.,759,.,.
2023,13781,Northern States Power Co - Minnesota,MN,MISO,"256,535","47,802","635,203",46.5,7.6,110.3,"4,588,350","807,794","11,207,075",46.5,7.6,110.3,"28,000","5,593","51,472","17,445","10,989","42,847","28,000","5,593","51,472","17,445","10,989","42,847",17.886,16.899
2023,13781,Northern States Power Co - Minnesota,SD,MISO,"1,609",.,"6,535",0.4,.,4.3,"22,525",.,"86,563",0.4,.,4.3,118,.,250,33,.,95,118,.,250,33,.,95,14.000,.
2023,13788,Northern Wasco County PUD,OR,BPAT,355,473,"1,429",0.1,0.1,0.3,"5,468","18,928","32,170",1.0,0.1,1.2,82,118,639,0,0,0,82,118,639,0,0,0,15.420,10.000
2023,13798,Northwest Iowa Power Coop,IA,SWPP,"1,686",.,"4,692",0.3,.,0.5,"27,568",.,"91,249",0.2,.,0.4,384,.,"1,582",.,.,.,384,.,"1,582",.,.,.,15.000,.
2023,13839,City of Norwood - (MA),MA,ISNE,308,183,552,0.0,0.0,0.0,"3,078","1,826","4,966",0.0,0.0,0.0,146,16,560,16,1,152,"1,455",160,"2,014",160,7,302,10.000,10.000
2023,13936,Oakdale Electric Coop,WI,MISO,0,775,999,0.0,0.0,0.1,0,"10,269","15,941",0.0,0.0,0.1,0,7,48,0,0,43,0,7,48,0,0,43,0.000,13.250
2023,13998,Ohio Edison Co,OH,PJM,"3,353","3,633","14,229",0.6,0.5,2.2,"33,224","36,223","139,856",0.6,0.5,2.2,150,168,"2,927",182,184,"2,553",150,168,"2,927",182,184,"2,553",9.909,9.969
2023,14063,Oklahoma Gas & Electric Co,AR,SWPP,"19,951",0,"30,701",3.5,0.0,6.1,"215,198",0,"376,615",2.5,0.0,4.4,"2,029",0,"4,263","2,492",0,"4,407","2,029",0,"4,263","2,492",0,"4,407",12.000,0.000
2023,14063,Oklahoma Gas & Electric Co,OK,SWPP,"85,086","85,086","228,515",13.1,13.1,37.5,"912,003","912,003","2,626,251",10.5,10.5,30.0,"4,911","4,911","21,912","4,193","4,193","14,074","4,911","4,911","21,912","4,193","4,193","14,074",11.000,11.000
2023,14109,"Oregon Trail El Cons Coop, Inc",OR,BPAT,"1,690",931,"3,857",0.1,0.1,0.4,"16,760","29,990","67,248",0.1,0.1,0.4,228,307,950,24,13,54,228,307,950,24,13,54,14.158,30.000
2023,14127,Omaha Public Power District,NE,SWPP,"8,776",.,"12,608",2.4,.,4.3,"115,847",.,"159,107",2.4,.,4.2,687,.,"2,014",144,.,189,687,.,"2,014",144,.,189,13.200,.
2023,14154,Orange & Rockland Utils Inc,NY,NYIS,"29,457","11,373","79,155",7.3,1.8,13.0,"415,054","138,408","1,025,243",7.3,1.8,13.0,"4,383","1,758","8,539","1,069",413,"2,836","4,383","1,758","8,539","1,069",413,"2,836",14.100,12.200
2023,14232,Otter Tail Power Co,MN,MISO,"34,292",0,"51,684",6.5,0.0,19.6,"505,972",0,"701,322",6.5,0.0,19.6,"3,572",0,"4,954","1,300",0,"2,769","3,572",0,"4,954","1,300",0,"2,769",14.755,0.000
2023,14232,Otter Tail Power Co,SD,MISO,"5,508",0,"6,647",0.7,0.0,1.0,"83,969",0,"104,045",0.7,0.0,1.0,318,0,431,91,0,117,318,0,431,91,0,117,15.245,0.000
2023,14246,City of Owatonna - (MN),MN,MISO,740,"2,853","3,907",0.1,0.4,0.6,"7,404","28,532","39,068",0.1,0.4,0.6,93,129,304,26,64,178,93,129,304,26,64,178,10.000,10.000
2023,14328,Pacific Gas & Electric Co.,CA,CISO,"721,474","53,487","1,718,664",138.0,8.0,331.0,"9,236,358","280,568","18,751,269",148.0,8.0,352.0,"9,795","25,421","41,258","86,414","19,249","247,704","9,795","25,421","41,258","86,414","19,249","247,704",12.800,5.200
2023,14354,PacifiCorp,CA,PACW,114,878,"1,210",0.0,0.2,0.2,656,"3,461","6,759",0.0,0.2,0.2,9,46,477,68,376,664,9,46,477,68,376,664,5.770,3.943
2023,14354,PacifiCorp,ID,PACE,"6,197","2,714","16,858",1.3,0.5,3.4,"88,615","38,351","161,087",1.3,0.5,3.4,732,464,"1,845","1,299",695,"2,834",732,464,"1,845","1,299",695,"2,834",14.300,14.129
2023,14354,PacifiCorp,UT,PACE,"137,747","33,024","326,446",19.9,4.8,47.1,"1,804,485","431,500","3,342,306",19.9,4.8,47.1,"19,074","3,089","39,429","13,554","4,429","26,737","19,074","3,089","39,429","13,554","4,429","26,737",13.100,13.066
2023,14354,PacifiCorp,WA,PACW,"32,049","4,587","48,410",4.4,0.6,6.7,"349,914","54,886","520,117",4.4,0.6,6.7,"5,802","1,049","11,011","3,832",744,"9,301","5,802","1,049","11,011","3,832",744,"9,301",10.918,11.966
2023,14354,PacifiCorp,WY,PACE,"12,871","19,621","43,693",1.7,2.5,5.6,"160,627","188,619","380,803",1.7,2.5,5.6,"1,636","1,349","3,336","2,930","1,049","5,291","1,636","1,349","3,336","2,930","1,049","5,291",12.480,9.613
2023,14401,City of Palo Alto - (CA),CA,CISO,265,185,627,0.0,0.0,0.1,"3,373","3,701","9,201",0.0,0.0,0.1,116,15,368,259,112,872,116,15,368,259,112,872,12.700,20.000
2023,14468,People's Cooperative Services,MN,MISO,"2,366","1,219","4,757",0.1,0.0,0.2,"28,226","12,237","58,846",0.1,0.0,0.2,32,6,194,17,2,237,32,6,194,17,2,237,11.930,10.039
2023,14534,City of Pasadena - (CA),CA,CISO,"4,753",.,"11,026",0.9,.,1.0,"32,899",.,"43,070",0.9,.,1.0,"1,372",.,"2,582",379,.,"1,262","1,372",.,"2,582",379,.,"1,262",9.930,.
2023,14537,Pascoag Utility District,RI,ISNE,1,0,51,0.0,0.0,0.0,11,0,641,0.0,0.0,0.0,11,0,102,5,0,47,11,0,102,5,0,47,18.000,.
2023,14563,Pearl River Valley El Pwr Assn,MS,MISO,.,.,446,.,.,0.2,.,.,"7,868",.,.,0.2,.,.,82,.,.,92,.,.,82,.,.,92,.,.
2023,14606,"Peace River Electric Coop, Inc",FL,SEC,143,.,328,0.0,.,0.0,"1,425",.,"4,112",0.0,.,0.0,.,.,.,175,.,328,.,.,.,175,.,328,12.370,.
2023,14610,Orlando Utilities Comm,FL,FMPP,"8,226",.,"28,236",1.5,.,2.3,"123,559",.,"172,800",1.5,.,2.3,413,.,"1,197",324,.,"1,394",413,.,"1,197",324,.,"1,394",15.020,.
2023,14624,PUD No 2 of Grant County,WA,GCPD,735,.,813,0.1,.,0.1,"8,685",.,"11,040",0.1,.,0.1,40,.,63,32,.,60,42,.,66,32,.,60,12.855,.
2023,14668,Peninsula Light Company,WA,BPAT,469,.,"1,577",.,.,0.5,"5,631",.,"26,692",.,.,0.5,45,.,592,24,.,200,45,.,592,24,.,200,12.000,.
2023,14711,Pennsylvania Electric Co,PA,PJM,"26,515","26,100","79,121",5.0,3.9,11.9,"331,831","333,580","927,003",5.0,3.9,11.9,"6,204","1,878","13,665","2,158","1,327","5,998","6,204","1,878","13,665","2,158","1,327","5,998",12.515,12.781
2023,14715,PPL Electric Utilities Corp,PA,PJM,"107,991","33,969","203,117",18.3,5.2,31.2,"1,511,877","475,573","2,537,859",27.0,14.2,50.0,"14,472","3,909","29,244","7,164","3,404","20,417","14,472","3,909","29,244","7,164","3,404","20,417",14.000,14.000
2023,14716,Pennsylvania Power Co,PA,PJM,"6,520","5,539","20,950",1.1,0.9,3.4,"85,056","78,684","264,134",1.1,0.9,3.4,"1,886",341,"4,436",605,310,"2,010","1,886",341,"4,436",605,310,"2,010",13.045,14.207
2023,14717,Pee Dee Electric Member Corp,NC,CPLE,.,.,80,.,.,5.0,.,.,184,.,.,5.0,.,.,7,.,.,.,.,.,7,.,.,.,.,.
2023,14940,PECO Energy Co,PA,PJM,"192,752",.,"302,048",36.7,.,55.7,"1,753,686",.,"2,788,888",31.0,.,66.0,"33,987",.,"49,729",21,.,33,"56,043",.,"76,312",37,.,51,10.000,.
2023,15023,Piedmont Electric Member Corp,NC,DUK,290,.,"1,321",1.0,.,2.0,"4,123",.,"5,839",1.0,.,2.0,9,.,64,2,.,15,9,.,64,2,.,15,17.000,.
2023,15231,City of Port Angeles - (WA),WA,BPAT,256,.,539,0.2,.,0.4,"2,560",.,"5,389",0.2,.,0.4,44,.,168,.,.,.,44,.,168,.,.,.,10.000,.
2023,15257,"Poudre Valley REA, Inc",CO,WACM,"1,880",0,"4,614",0.7,0.0,1.0,"26,337",0,"67,165",0.7,0.0,1.0,109,0,751,0,0,0,109,0,751,0,0,0,16.510,0.000
2023,15263,The Potomac Edison Company,MD,PJM,"57,500","28,378","142,457",10.1,3.8,22.9,"791,485","388,412","1,473,816",10.1,3.8,22.9,"16,053","8,270","33,537","22,369","11,523","48,358","16,053","8,270","33,537","22,369","11,523","48,358",13.765,13.678
2023,15270,Potomac Electric Power Co,MD,PJM,"98,756",.,"178,989",20.1,.,31.9,"1,128,526",.,"1,453,091",20.1,.,31.9,"27,087",.,"43,102","14,582",.,"22,592","27,087",.,"43,102","14,582",.,"22,592",11.400,.
2023,15296,New York Power Authority,NY,NYIS,"19,206",0,"19,206",1.2,0.0,1.2,"289,589",0,"289,589",1.2,0.0,1.2,0,0,0,78,0,78,0,0,0,78,0,78,15.000,.
2023,15340,Presque Isle Elec & Gas Coop,MI,MISO,560,.,"1,285",0.1,.,0.3,"6,925",.,"14,959",0.1,.,0.3,56,.,428,60,.,214,56,.,428,60,.,214,12.377,.
2023,15344,Polk-Burnett Electric Coop,WI,MISO,181,0,721,0.0,0.0,0.1,"2,716",0,"13,108",0.0,0.0,0.1,12,0,230,0,0,0,12,0,230,0,0,0,15.006,0.000
2023,15419,PUD No 3 of Mason County,WA,BPAT,509,107,"1,732",0.5,0.1,1.7,"6,527","1,279","29,661",0.5,0.1,1.7,94,10,570,0,0,0,94,10,570,0,0,0,12.000,12.000
2023,15466,Public Service Co of Colorado,CO,PSCO,"311,016","60,112","614,178",69.7,10.2,132.7,"7,105,433","340,519","10,515,605",69.7,10.2,132.7,"34,428","6,844","61,255","24,119","1,633","45,409","34,428","6,844","61,255","24,119","1,633","45,409",22.846,5.665
2023,15470,"Duke Energy Indiana, LLC",IN,MISO,"79,445",0,"197,306",12.4,0.0,29.7,"1,104,412",0,"1,533,745",12.4,0.0,29.7,"10,454",0,"12,424","7,015",0,"16,506","10,454",0,"12,424","7,015",0,"16,506",13.900,0.000
2023,15472,Public Service Co of NH,NH,ISNE,"54,973",.,"63,798",8.3,.,9.8,"485,924",.,"621,160",8.0,.,9.2,"13,810",.,"31,294","3,051",.,"6,148","13,810",.,"31,294","3,051",.,"6,148",8.840,.
2023,15473,Public Service Co of NM,NM,PNM,"19,678","11,295","91,544",3.8,1.9,15.9,"177,105","91,291","790,109",3.0,1.9,14.6,"3,257","1,648","12,790","2,580","1,563","10,654","3,257","1,648","12,790","2,580","1,563","10,654",9.000,8.100
2023,15474,Public Service Co of Oklahoma,OK,SWPP,"37,265",0,"969,376",64.9,0.0,70.1,"991,372",0,"2,514,223",64.9,0.0,70.1,"9,219",0,"20,953","4,722",0,"12,314","9,219",0,"20,953","4,722",0,"12,314",26.600,0.000
2023,15477,Public Service Elec & Gas Co,NJ,PJM,"490,981",0,"772,848",78.8,0.0,99.5,"6,499,579",.,"9,593,948",78.8,.,99.5,"178,735",.,"372,401","72,647",.,"139,832","178,735",.,"372,401","72,647",.,"139,832",13.240,0.000
2023,15500,Puget Sound Energy Inc,WA,PSEI,"142,635","20,144","258,108",16.4,2.5,38.2,"1,768,898","231,413","3,103,773",16.4,2.5,38.2,"36,262","4,029","71,398","13,195","1,466","28,988","36,262","4,029","71,398","13,195","1,466","28,988",12.400,11.490
2023,15671,Randolph Electric Member Corp,NC,CPLE,43,.,43,.,.,.,"1,169",.,"1,169",.,.,.,6,.,6,.,.,.,6,.,6,.,.,.,15.000,.
2023,15700,Rayle Electric Membership Corp,GA,SOCO,.,.,.,.,.,.,.,.,.,.,.,.,.,.,1,.,.,.,.,.,48,.,.,.,.,.
2023,15748,Town of Reading - (MA),MA,ISNE,0,0,242,0.0,0.0,0.1,0,0,"2,444",0.0,0.0,0.1,0,0,35,0,0,3,0,0,35,0,0,3,.,.
2023,15783,City of Redding - (CA),CA,,0,0,6,0.0,0.0,0.0,0,0,92,0.0,0.0,0.0,.,.,309,.,.,117,.,.,309,.,.,117,0.000,0.000
2023,15979,City of Richland - (WA),WA,BPAT,"3,153","3,123","7,626",0.6,0.6,1.4,"32,261","27,579","88,852",0.6,0.6,1.4,250,470,"1,487",.,.,.,250,470,"1,487",.,.,.,10.560,8.830
2023,16060,Riverland Energy Cooperative,WI,MISO,"1,090",.,"1,815",0.2,.,0.2,"15,340",.,"26,612",0.2,.,0.2,26,.,105,0,.,0,26,.,105,0,.,0,14.074,.
2023,16088,City of Riverside - (CA),CA,CISO,"6,293",.,"10,277",0.7,.,1.2,"64,776",.,"156,509",0.7,.,1.2,"1,939",.,"3,122",.,.,.,"1,939",.,"3,122",.,.,.,10.290,.
2023,16101,Roanoke Electric Member Corp,NC,PJM,.,.,149,.,.,0.0,.,.,"1,788",.,.,0.0,.,.,0,.,.,0,.,.,0,.,.,0,.,.
2023,16181,Rochester Public Utilities,MN,MISO,"9,905","3,399","17,985",1.5,0.3,2.6,"131,783","62,201","231,291",1.5,0.3,2.6,857,160,"1,772",226,22,572,857,160,"1,772",226,22,572,10.000,10.000
2023,16183,Rochester Gas & Electric Corp,NY,NYIS,"32,169",.,"87,083",3.7,.,9.9,"379,587",.,"985,757",3.7,.,9.9,"4,185",.,"10,668","1,086",.,"3,382","4,185",.,"10,668","1,086",.,"3,382",15.000,.
2023,16213,Rockland Electric Co,NJ,PJM,"6,877",0,"15,885",1.6,0.0,2.0,"98,705",0,"182,200",22.4,0.0,28.3,"2,223",0,"2,806","2,298",0,"3,802","2,223",0,"2,806","2,298",0,"3,802",14.600,0.000
2023,16295,City of Roseville - (CA),CA,BANC,"2,854",424,"21,093",0.8,0.0,1.0,"32,103","8,483","109,550",0.8,0.0,1.0,705,92,"3,153",410,87,"2,029",705,92,"3,153",410,87,"2,029",11.502,20.000
2023,16534,Sacramento Municipal Util Dist,CA,BANC,"21,838",0,"99,965",3.3,0.0,15.0,"254,972",0,"1,389,841",3.3,0.0,15.0,"9,224",.,"23,748","6,824",.,"23,111","9,224",.,"23,748","6,824",.,"23,111",13.007,.
2023,16555,Salem Electric - (OR),OR,BPAT,"1,088",.,"1,619",6.8,.,11.1,"14,688",.,"26,503",6.8,.,11.1,155,.,487,41,.,180,155,.,487,41,.,180,13.500,.
2023,16572,Salt River Project,AZ,SRP,"159,901",.,"605,506",29.0,.,144.0,"2,641,688",.,"5,409,897",29.0,.,144.0,"13,460",.,"29,305","7,785",.,"15,881","13,460",.,"29,305","7,785",.,"15,881",16.520,.
2023,16603,"San Luis Valley R E C, Inc",CO,WACM,.,80,211,.,0.0,0.0,.,956,"2,804",.,0.0,0.0,.,3,36,.,.,.,.,3,36,.,.,.,.,12.000
2023,16604,City of San Antonio - (TX),TX,ERCO,"93,528",0,"161,034",17.8,0.0,36.1,"1,003,063",0,"2,044,410",17.8,0.0,36.1,"11,930",0,"41,016",448,0,"3,243","11,930",0,"41,016",448,0,"3,243",10.720,0.000
2023,16606,"Santee Electric Coop, Inc",SC,SC,.,.,213,.,.,.,.,.,"2,556",.,.,.,.,.,.,.,.,14,.,.,.,.,.,173,.,.
2023,16609,San Diego Gas & Electric Co,CA,CISO,"252,999","31,154","524,256",42.7,4.4,99.7,"3,452,832","494,141","6,498,996",25.2,2.6,58.9,"9,866",44,"14,933","25,869",115,"39,156","9,866",44,"14,933","25,869",115,"39,156",13.648,15.861
2023,16612,City & County of San Francisco,CA,CISO,487,.,487,0.1,.,0.1,"7,299",.,"7,299",0.1,.,0.1,117,.,117,38,.,38,117,.,117,38,.,38,15.000,.
2023,16622,"San Miguel Power Assn, Inc",CO,WACM,53,.,"1,218",0.0,.,0.1,"1,514",.,"3,592",0.0,.,0.1,1,.,17,.,.,.,1,.,17,.,.,.,12.000,.
2023,16655,City of Santa Clara - (CA),CA,CISO,"15,409",94,"15,510",2.2,0.0,2.2,"207,956","1,130","209,129",2.0,0.0,2.0,"1,188",16,"1,205","1,952",2,"2,351","1,188",16,"1,205","1,952",2,"2,351",14.984,12.000
2023,16674,Satilla Rural Elec Member Corporation,GA,SOCO,.,.,15,.,.,0.1,.,.,"1,143",.,.,0.1,.,.,1,.,.,4,.,.,39,.,.,51,.,.
2023,16740,Scenic Rivers Energy Coop,WI,MISO,20,1,352,0.0,0.0,0.6,195,29,"5,514",0.0,0.0,0.6,1,1,70,0,3,51,1,1,70,0,3,51,9.759,28.954
2023,16865,Sawnee Electric Membership Corporation,GA,SOCO,68,0,987,0.0,0.0,1.0,276,0,"9,284",0.0,0.0,1.0,3,0,76,0,.,77,3,0,76,0,.,77,15.000,0.000
2023,16868,City of Seattle - (WA),WA,SCL,"44,485","5,267","68,286",8.2,1.0,12.4,"535,023","58,616","736,793",6.7,0.9,10.0,"6,439",28,"9,035","13,191",437,"20,159","6,439",28,"9,035","13,191",437,"20,159",12.027,11.129
2023,16971,Shakopee Public Utilities Comm,MN,MISO,349,"5,438","7,137",0.1,1.0,1.3,"2,790","40,711","55,162",0.1,0.9,1.2,25,454,765,0,90,120,25,454,765,0,90,120,8.000,8.000
2023,17166,Sierra Pacific Power Co,NV,NEVP,"35,390",.,"50,980",4.8,.,9.1,"447,501",.,"475,869",3.9,.,7.1,"1,597",.,"3,953","2,800",.,"6,350","1,597",.,"3,953","2,800",.,"6,350",12.600,.
2023,17252,Singing River Elec Cooperative,MS,MISO,.,.,400,.,.,0.2,.,.,"6,371",.,.,0.2,.,.,86,.,.,122,.,.,86,.,.,122,.,.
2023,17267,Sioux Valley SW Elec Coop,MN,SWPP,53,.,204,0.2,.,0.2,924,.,"4,215",0.2,.,0.2,3,.,24,0,.,0,3,.,72,0,.,0,22.000,.
2023,17267,Sioux Valley SW Elec Coop,SD,SWPP,159,.,"1,258",0.0,.,0.1,"2,772",.,"26,776",0.0,.,0.1,9,.,250,0,.,0,9,.,627,0,.,0,22.000,.
2023,17470,PUD No 1 of Snohomish County,WA,BPAT,"14,203","22,169","45,786",3.2,5.1,10.5,"160,118","231,842","512,605",2.0,3.4,7.6,"3,041","3,235","9,825","1,114","1,185","3,599","3,041","3,235","9,855","1,114","1,185","3,599",11.274,10.458
2023,17539,"Dominion Energy South Carolina, Inc",SC,SCEG,"70,903","6,790","109,120",16.1,1.5,26.3,"850,832","88,275","1,272,233",5.0,0.7,13.7,"7,903",757,"19,187","4,270",409,"7,338","7,903",757,"19,187","4,270",409,"7,338",12.000,13.000
2023,17543,South Carolina Public Service Authority,SC,SC,"4,134",.,"7,603",0.8,.,1.8,"49,480",.,"118,906",0.8,.,1.8,315,.,"1,687",289,.,847,315,.,"1,687",289,.,847,11.968,.
2023,17572,South River Elec Member Corp,NC,CPLE,.,.,"1,075",.,.,0.3,.,.,"15,626",.,.,0.3,.,.,4,.,.,.,.,.,150,.,.,.,.,.
2023,17599,Southeastern Indiana R E M C,IN,MISO,128,.,388,0.0,.,0.1,"4,542",.,"20,069",0.0,.,0.0,8,.,36,0,.,0,230,.,"1,529",0,.,0,2.000,.
2023,17609,Southern California Edison Co,CA,CISO,"88,133","24,801","217,393",3.0,2.9,19.3,"845,686","125,312","1,177,033",3.0,2.9,19.3,"11,657",829,"22,703","106,954","4,990","137,325","11,657",829,"22,703","106,954","4,990","137,325",9.600,5.100
2023,17612,Bear Valley Electric Service,CA,CISO,.,.,33,.,.,0.0,.,.,380,.,.,0.0,.,.,88,.,.,20,.,.,88,.,.,20,.,.
2023,17633,Southern Indiana Gas & Elec Co,IN,MISO,"20,512","9,653","40,301",3.8,1.8,8.0,"254,457","119,744","460,688",3.8,1.8,8.0,"1,853",872,"3,884","1,918",903,"5,419","1,853",872,"3,884","1,918",903,"5,419",12.400,12.400
2023,17637,Southern Maryland Elec Coop Inc,MD,PJM,"20,692",.,"75,042",3.4,.,20.8,"232,639",.,"524,784",3.4,.,20.8,"4,187",.,"12,210","2,213",.,"9,239","4,187",.,"12,210","24,786",.,"62,726",11.200,.
2023,17642,Southern Public Power District,NE,SWPP,81,248,710,0.0,0.0,0.1,894,"2,538","9,435",0.0,0.0,0.1,4,7,132,1,5,25,4,7,132,1,5,25,11.000,10.214
2023,17647,Southern Pine Electric Cooperative,MS,MISO,.,.,584,.,.,0.3,.,.,"10,339",.,.,0.3,.,.,94,.,.,1,.,.,94,.,.,1,.,.
2023,17698,Southwestern Electric Power Co,AR,SWPP,"21,570",.,"38,667",11.4,.,15.3,"336,670",.,"581,996",11.4,.,15.3,"2,333",.,"5,532","2,245",.,"4,576","2,333",.,"5,532","2,245",.,"4,576",15.600,.
2023,17698,Southwestern Electric Power Co,LA,SWPP,"4,373",.,"16,472",1.6,.,4.4,"109,606",.,"256,399",1.6,.,4.4,"1,162",.,"3,096",263,.,696,"1,162",.,"3,096",263,.,696,25.060,.
2023,17698,Southwestern Electric Power Co,TX,SWPP,"8,925",.,"13,361",6.2,.,8.6,"153,915",.,"246,071",6.2,.,8.6,"1,629",.,"3,471",231,.,498,"1,629",.,"3,471",231,.,498,17.200,.
2023,17718,Southwestern Public Service Co,NM,SWPP,"8,184","36,846","77,147",1.2,5.5,12.1,"139,025","574,583","1,267,410",1.2,5.5,12.1,615,"2,810","6,393","5,058","7,140","16,424",615,"2,810","6,393","5,058","7,140","16,424",16.987,15.594
2023,17718,Southwestern Public Service Co,TX,SWPP,"17,049",.,"25,397",2.1,.,4.7,"236,157",.,"338,637",2.1,.,4.7,"1,792",.,"4,243",32,.,142,"1,792",.,"4,243",87,.,267,13.851,.
2023,17828,City of Springfield - (IL),IL,MISO,"1,949",.,"2,357",0.5,.,0.9,"29,241",.,"35,169",0.5,.,0.9,88,.,178,58,.,142,88,.,178,58,.,142,15.000,.
2023,17832,Snapping Shoals El Member Corp,GA,SOCO,"2,679","2,014","20,208",0.8,0.6,5.4,"38,004","62,147","353,222",0.7,0.6,5.1,2,2,62,4,1,108,16,11,"2,905",230,170,"4,101",25.000,25.000
2023,17833,City Utilities of Springfield - (MO),MO,SWPP,475,0,"1,112",0.1,0.0,2.1,"4,752",0,"12,852",0.1,0.0,2.1,47,0,455,0,0,96,47,0,455,0,0,96,12.000,0.000
2023,17839,City of Springfield - (OR),OR,BPAT,573,230,"1,561",0.1,0.0,0.5,"7,193","2,689","21,888",0.1,0.0,0.5,118,32,628,137,55,373,118,32,628,137,55,373,12.564,11.704
2023,17896,City of Shasta Lake - (CA),CA,BANC,13,0,210,0.0,0.0,0.0,161,0,"2,063",0.0,0.0,0.0,12,0,138,1,0,56,12,0,138,1,0,56,12.000,0.000
2023,18087,Town of Sterling - (MA),MA,ISNE,0,0,0,0.0,0.0,0.0,.,.,0,.,.,0.0,0,0,1,0,0,7,.,.,1,.,.,7,.,.
2023,18252,City of Sturgis - (MI),MI,PJM,707,.,"1,045",0.1,.,0.1,"11,438",.,"12,224",0.1,.,0.1,102,.,142,72,.,97,102,.,142,72,.,97,17.270,.
2023,18280,Sulphur Springs Valley E C Inc,AZ,WALC,.,349,516,.,3.4,8.5,.,"3,490","5,158",.,12.8,14.1,.,0,57,.,10,14,.,0,57,.,10,14,.,10.000
2023,18304,"Sumter Electric Coop, Inc",FL,SEC,.,.,189,.,.,0.0,.,.,"2,453",.,.,0.0,.,.,.,.,.,362,.,.,.,.,.,362,.,.
2023,18339,Surry-Yadkin Elec Member Corp,NC,DUK,.,.,154,.,.,2.8,.,.,"41,979",.,.,2.7,.,.,12,.,.,0,.,.,206,.,.,0,.,.
2023,18429,City of Tacoma - (WA),WA,TPWR,"9,679","4,798","17,543",0.0,0.0,0.0,"9,679","4,798","17,543",.,.,.,"1,210",586,"3,665",32,16,683,"1,210",586,"3,665",32,16,683,1.000,1.000
2023,18445,City of Tallahassee - (FL),FL,TAL,199,.,"7,315",0.1,.,1.3,"3,578",.,"98,720",0.1,.,1.3,43,.,"1,018",41,.,967,43,.,"1,018",41,.,967,18.000,.
2023,18449,"Talquin Electric Coop, Inc",FL,SEC,0,0,"1,004",0.0,0.0,0.0,0,0,"5,854",0.0,0.0,0.0,.,.,.,.,.,1,.,.,.,.,.,1,0.000,0.000
2023,18454,Tampa Electric Co,FL,TEC,"30,056","3,340","60,876",3.0,0.3,10.4,"522,556","58,062","1,149,907",4.6,0.5,11.7,"27,798","3,089","33,905","1,408",156,"5,710","27,798","3,089","33,905","1,408",156,"5,710",20.000,20.000
2023,18488,City of Taunton,MA,ISNE,.,.,547,.,.,0.2,.,.,547,.,.,0.2,.,.,350,.,.,61,.,.,350,.,.,61,.,.
2023,18498,Taylor County Rural E C C,KY,PJM,.,.,8,.,.,0.4,.,.,192,.,.,0.4,.,.,1,.,.,.,.,.,1,.,.,.,.,.
2023,18642,Tennessee Valley Authority,AL,TVA,"5,939","7,504","14,630",0.5,0.7,1.5,"77,209","102,835","195,865",0.5,0.7,1.5,"1,338",289,"1,728",162,551,"1,845","1,338",289,"1,728",162,551,"1,845",13.000,14.000
2023,18642,Tennessee Valley Authority,GA,TVA,"1,505",384,"2,377",0.2,0.0,0.3,"20,805","5,754","31,650",0.2,0.0,0.3,167,38,306,44,0,860,167,38,306,44,0,860,14.000,15.000
2023,18642,Tennessee Valley Authority,KY,TVA,"2,729","1,432","4,587",0.2,0.0,0.3,"24,321","7,160","36,317",0.2,0.0,0.3,953,0,984,104,554,"1,428",953,0,984,104,554,"1,428",9.000,5.000
2023,18642,Tennessee Valley Authority,MS,TVA,"8,016","6,651","15,397",0.7,0.6,1.5,"113,355","79,249","201,007",0.7,0.6,1.5,"1,075",213,"1,330",257,905,"1,954","1,075",213,"1,330",257,905,"1,954",14.000,12.000
2023,18642,Tennessee Valley Authority,NC,TVA,486,0,564,0.0,0.0,0.0,"3,176",0,"3,932",0.0,0.0,0.0,40,0,48,8,0,71,40,0,48,8,0,71,7.000,0.000
2023,18642,Tennessee Valley Authority,TN,TVA,"61,145","23,401","96,279",5.0,2.7,10.7,"839,476","346,359","1,322,897",5.0,2.7,10.7,"5,426","1,032","6,996","2,354",667,"21,552","5,426","1,032","6,996","2,354",667,"21,552",14.000,15.000
2023,18642,Tennessee Valley Authority,VA,TVA,56,0,63,0.0,0.0,0.0,838,0,915,0.0,0.0,0.0,2,0,2,2,0,4,2,0,2,2,0,4,15.000,0.000
2023,18917,Tillamook Peoples Utility Dist,OR,BPAT,337,"1,202","2,019",0.0,0.1,0.7,"4,612","12,023","22,943",0.0,0.1,0.7,68,268,649,43,170,411,68,268,649,43,170,411,13.570,10.430
2023,18956,Tri-County Elec Member Corp (GA),GA,SOCO,0,0,44,0.0,0.0,0.0,0,0,44,0.0,0.0,0.0,0,0,3,0,0,0,0,0,3,0,0,0,0.000,0.000
2023,18997,The Toledo Edison Co,OH,PJM,"1,061",15,"3,370",0.2,0.0,0.5,"8,765",181,"29,700",0.2,0.0,0.5,57,1,"1,193",73,62,820,57,1,"1,193",73,62,820,8.259,12.000
2023,19125,City of Traverse City - (MI),MI,MISO,445,0,562,0.0,0.0,0.0,"4,892",0,"6,699",0.0,0.0,0.0,34,0,61,21,0,42,34,0,61,21,0,42,10.430,.
2023,19157,MiEnergy Cooperative,IA,MISO,208,33,"1,745",0.0,0.0,0.2,"3,139",433,"25,173",0.0,0.0,0.2,15,0,138,2,0,17,15,0,138,2,0,17,15.069,13.250
2023,19157,MiEnergy Cooperative,MN,MISO,468,73,"3,919",0.1,0.0,0.5,"7,048",972,"56,532",0.1,0.0,0.5,34,1,309,4,0,38,34,1,309,4,0,38,15.069,13.250
2023,19161,"Tri-County Electric Coop, Inc (FL)",FL,SEC,0,0,104,0.0,0.0,0.0,0,0,474,0.0,0.0,0.0,.,.,.,.,.,45,.,.,.,.,.,45,0.000,0.000
2023,19189,Trico Electric Cooperative Inc,AZ,WALC,.,.,248,.,.,0.3,.,.,"1,169",.,.,0.3,.,.,47,.,.,3,.,.,47,.,.,3,.,.
2023,19281,Turlock Irrigation District,CA,TIDC,"2,732","3,434","7,116",0.1,0.5,1.2,"40,584","51,505","101,316",0.1,0.5,1.2,560,357,"1,379",174,209,423,560,357,"1,379",174,209,423,15.106,15.000
2023,19325,Umatilla Electric Coop Assn,OR,BPAT,524,"20,250","20,931",0.0,1.5,1.6,"5,211","147,532","156,399",0.0,1.5,1.6,115,858,"1,118",5,198,204,115,858,"1,118",5,198,204,16.000,7.286
2023,19390,"UGI Utilities, Inc",PA,PJM,613,"3,718","6,143",0.2,0.7,1.0,"8,580","52,045","85,995",0.2,0.7,1.0,43,183,471,121,350,710,43,183,471,121,350,710,14.000,14.000
2023,19396,Tri-County Electric Coop (MI),MI,MISO,0,843,"1,216",0.0,0.2,0.3,0,"11,459","15,075",0.0,0.2,0.3,0,53,210,0,73,228,0,53,210,0,73,228,0.000,9.200
2023,19435,Union Electric Membership Corp - (NC),NC,DUK,.,.,"3,539",.,.,.,.,.,"12,959",.,.,.,.,.,3,.,.,259,.,.,3,.,.,259,.,.
2023,19436,Union Electric Co - (MO),MO,MISO,"96,014","13,871","178,267",30.6,4.4,68.7,"1,389,853","200,787","2,454,348",21.5,3.1,40.8,"14,226","2,055","35,366","5,946",859,"21,403","14,226","2,055","35,366","5,946",859,"21,403",14.760,14.179
2023,19446,Duke Energy Kentucky,KY,PJM,"10,542",.,"15,081",1.4,.,2.4,"146,491",.,"178,653",1.4,.,2.4,723,.,"1,280",722,.,"2,007",723,.,"1,280",722,.,"2,007",13.897,.
2023,19490,United Electric Coop Service Inc - (TX),TX,ERCO,280,.,"20,651",0.0,.,2.9,"4,128",.,"261,000",0.0,.,2.9,7,.,747,.,.,207,7,.,747,.,.,207,14.770,.
2023,19497,United Illuminating Co,CT,ISNE,"25,367","5,140","33,201",4.1,0.7,7.2,"183,722","59,482","263,455",4.1,0.7,7.2,"5,042","8,304","28,127","1,334","1,657","5,466","5,042","8,304","28,127","1,334","1,657","5,466",7.243,11.571
2023,19499,"United Power, Inc",CO,WACM,"3,912",0,"5,834",0.7,0.0,0.9,"47,326",0,"75,926",0.7,0.0,0.9,242,0,630,.,.,.,242,0,630,.,.,.,12.770,.
2023,19545,"Black Hills Power, Inc.",SD,WACM,460,0,484,0.1,0.0,0.1,"6,431",0,"6,746",0.1,0.0,0.1,84,0,95,34,0,36,84,0,95,34,0,36,13.973,0.000
2023,19578,Upper Peninsula Power Company,MI,MISO,"3,533","2,423","18,703",0.4,0.0,2.4,"43,558","33,854","168,166",0.4,0.0,2.4,276,61,901,828,184,"2,702",276,61,901,828,184,"2,702",12.330,13.970
2023,19728,"UNS Electric, Inc",AZ,TEPC,"1,586","6,028","39,110",5.1,0.8,12.0,"15,656","35,046","541,772",5.1,0.8,12.0,239,169,"1,896",108,77,"1,001",239,169,"1,896",108,77,"1,001",9.870,5.810
2023,19790,Verendrye Electric Coop Inc,ND,MISO,162,0,229,0.4,0.0,0.6,"1,623",0,"2,291",0.4,0.0,0.6,18,0,30,18,0,30,18,0,30,18,0,30,10.000,0.000
2023,19798,City of Vernon,CA,CISO,"3,029",.,"3,029",0.5,.,0.5,"40,528",.,"40,528",0.5,.,0.5,717,.,717,.,.,.,717,.,717,.,.,.,12.000,.
2023,19806,"Victoria Electric Coop, Inc",TX,ERCO,.,.,2,.,.,0.0,.,.,23,.,.,0.0,.,.,1,.,.,0,.,.,1,.,.,0,.,.
2023,19876,Virginia Electric & Power Co,NC,PJM,"3,078",0,"3,729",0.5,0.0,0.6,"32,005",0,"37,737",0.5,0.0,0.6,453,0,693,510,0,975,453,0,693,510,0,975,10.400,0.000
2023,19876,Virginia Electric & Power Co,VA,PJM,"130,265",0,"196,783",29.0,0.0,35.7,"1,434,354",0,"1,973,543",29.0,0.0,35.7,"20,137",0,"45,153","13,951",0,"32,316","20,137",0,"45,153","13,951",0,"32,316",11.000,0.000
2023,19981,Wake Electric Membership Corp,NC,CPLE,.,.,"1,175",.,.,1.0,.,.,"1,229",.,.,1.0,.,.,0,.,.,0,.,.,0,.,.,0,.,.
2023,20038,Town of Wallingford - (CT),CT,ISNE,656,522,"1,508",0.2,0.1,0.4,"8,538","6,780","20,108",0.2,0.1,0.4,338,113,"1,126",37,12,124,338,113,"1,126",37,12,124,13.010,13.000
2023,20169,Avista Corp,ID,AVA,"14,049","1,281","17,796",246.7,22.5,312.5,"267,125","52,412","390,464",246.7,22.5,312.5,"4,514",255,"5,831",991,56,"1,685","4,514",255,"5,831",991,56,"1,685",11.410,14.375
2023,20169,Avista Corp,WA,AVA,"45,833","2,525","53,807",804.9,44.3,945.0,"121,627","8,966","341,184",804.9,44.3,945.0,"14,636",146,"17,334","1,829",20,"3,621","14,636",146,"17,334","1,829",20,"3,621",11.606,13.385
2023,20187,Watertown Municipal Utilities,SD,SWPP,369,290,774,0.1,0.1,0.1,"4,587","3,604","10,198",0.1,0.1,0.1,15,12,42,16,12,44,15,12,42,16,12,44,12.421,12.421
2023,20387,West Penn Power Company,PA,PJM,"29,429","23,389","82,863",5.5,3.7,14.3,"381,701","309,294","1,004,022",5.5,3.7,14.3,"6,161","2,493","15,587","1,925","1,239","6,522","6,161","2,493","15,587","1,925","1,239","6,522",12.970,13.224
2023,20401,West River Electric Assn Inc,SD,SWPP,7,.,7,0.0,.,0.1,98,.,99,0.0,.,0.1,6,.,12,.,.,.,6,.,12,.,.,.,14.000,.
2023,20404,AEP Texas North Company,TX,ERCO,"5,239",0,"9,586",2.6,0.0,4.7,"121,021",0,"195,052",2.6,0.0,4.7,162,0,"1,644",118,0,306,162,0,"1,644",118,0,306,23.100,0.000
2023,20477,City of Westerville - (OH),OH,PJM,508,.,508,0.1,.,0.1,"2,540",.,"2,540",0.1,.,0.1,60,.,60,57,.,57,60,.,60,57,.,57,11.700,.
2023,20481,City of Westfield - (MA),MA,ISNE,835,91,926,0.2,0.0,0.2,"13,116","1,365","14,481",0.2,0.0,0.2,127,13,140,33,4,37,127,13,140,33,4,37,15.710,15.000
2023,20521,Wheeling Power Co,WV,PJM,.,.,145,.,.,0.1,.,.,"1,611",.,.,0.1,.,.,26,.,.,85,.,.,26,.,.,85,.,.
2023,20639,"Wild Rice Electric Coop, Inc",MN,MISO,215,.,"2,037",0.0,.,0.2,"5,035",.,"25,176",0.0,.,0.2,12,.,223,45,.,223,425,.,"2,123",392,.,"1,962",12.700,.
2023,20737,Willmar Municipal Utilities,MN,MISO,82,828,"1,056",0.0,0.2,0.2,"1,018","10,292","13,499",0.0,0.2,0.2,4,40,58,4,42,61,4,40,58,4,42,61,12.428,12.428
2023,20841,"Wiregrass Electric Coop, Inc",AL,SOCO,.,.,98,.,.,0.1,.,.,979,.,.,0.1,.,.,21,.,.,0,.,.,309,.,.,0,.,.
2023,20856,Wisconsin Power & Light Co,WI,MISO,.,.,.,.,.,.,.,.,.,.,.,.,.,.,.,.,.,.,.,.,.,.,.,.,.,.
2023,20858,WPPI Energy,WI,MISO,"2,762",253,"3,217",0.4,0.0,0.4,"41,437","3,802","47,251",0.4,0.0,0.4,152,278,514,"1,194",625,"2,565",152,278,514,"1,194",625,"2,565",15.000,15.000
2023,20885,Withlacoochee River Elec Coop,FL,SEC,"1,420",0,"2,322",0.0,0.0,0.0,"17,556",0,"28,715",0.0,0.0,0.0,0,0,0,"1,358",0,"1,460",0,0,0,"1,358",0,"1,460",12.370,0.000
2023,20963,Woodruff Electric Coop Corp,AR,MISO,.,.,.,.,4.2,4.2,.,.,.,.,4.0,4.0,.,.,.,.,20,20,.,.,.,.,20,20,.,.
2023,20997,Yellowstone Valley Elec Co-op,MT,WAUW,.,.,360,.,.,1.0,.,.,360,.,.,1.0,.,.,15,.,.,33,.,.,15,.,.,40,.,.
2023,21002,York Electric Coop Inc,SC,DUK,28,.,28,0.1,.,0.1,280,.,280,0.1,.,0.1,.,.,.,16,.,16,.,.,.,16,.,16,10.000,.
2023,21013,City of Worthington - (MN),MN,MISO,450,596,"1,081",0.1,0.1,0.2,"6,086","8,067","14,746",0.1,0.1,0.2,20,27,65,21,28,68,20,27,65,21,28,68,13.538,13.538
2023,21048,Wyandotte Municipal Serv Comm,MI,MISO,849,.,"1,036",0.1,.,0.2,"11,770",.,"12,704",0.1,.,0.1,77,.,111,57,.,58,77,.,111,57,.,58,13.560,.
2023,21075,Y-W Electric Assn Inc,CO,WACM,1,.,1,0.2,.,0.2,10,.,11,0.2,.,0.2,26,.,40,.,.,.,26,.,40,.,.,.,16.790,.
2023,21111,Perennial Public Power Dist,NE,SWPP,49,251,470,0.0,0.0,0.1,"2,498","2,420","6,367",0.0,0.0,0.1,8,14,58,.,.,.,10,22,85,.,.,.,20.000,20.000
2023,21158,City of Zeeland - (MI),MI,MISO,"1,867",.,"2,680",0.3,.,0.3,"13,028",.,"15,063",0.3,.,0.4,122,.,243,117,.,157,122,.,243,177,.,217,6.980,.
2023,21352,Municipal Energy Agency of NE,CO,WACM,190,.,206,0.1,.,0.2,"1,149",.,"1,205",0.1,.,0.1,9,.,16,0,.,0,30,.,39,0,.,0,10.000,.
2023,21352,Municipal Energy Agency of NE,IA,MISO,62,.,63,0.1,.,0.1,752,.,758,0.1,.,0.1,4,.,4,0,.,0,19,.,20,0,.,0,10.000,.
2023,21352,Municipal Energy Agency of NE,NE,SWPP,452,.,494,0.1,.,0.3,"2,061",.,"2,190",0.2,.,0.3,41,.,56,0,.,0,202,.,222,0,.,0,10.000,.
2023,21352,Municipal Energy Agency of NE,WY,WACM,.,.,.,.,.,.,.,.,.,0.1,.,0.1,.,.,.,.,.,.,20,.,20,.,.,.,.,.
2023,21538,"Mohave Electric Cooperative, Inc.",AZ,WALC,0,.,"1,001",0.0,.,0.4,0,.,"8,946",0.0,.,0.4,0,.,379,4,.,138,0,.,379,4,.,138,0.000,0.000
2023,21632,EnergyUnited Elec Member Corp,NC,DUK,257,.,263,13.2,.,22.0,329,.,451,12.7,.,20.8,11,.,20,.,.,.,16,.,33,.,.,.,7.000,.
2023,22053,Kentucky Power Co,KY,PJM,.,.,0,.,.,0.1,.,.,4,.,.,0.1,.,.,.,.,.,281,.,.,.,.,.,281,.,.
2023,22815,Delta Electric Power Assn,MS,MISO,.,.,440,.,.,.,.,.,440,.,.,.,.,.,.,.,.,.,.,.,.,.,.,.,.,.
2023,24211,Tucson Electric Power Co,AZ,TEPC,"16,879","23,791","155,769",2.9,3.5,27.4,"190,845","322,045","2,633,635",2.9,3.5,27.4,"4,368","2,239","19,467","1,611",826,"10,761","4,368","2,239","19,467","1,611",826,"10,761",11.300,13.500
2023,24431,Utah Municipal Power Agency,UT,PACE,128,.,"4,250",0.0,.,1.2,697,.,"23,233",0.0,.,1.2,.,.,9,43,.,541,.,.,9,43,.,541,20.000,.
2023,24590,Unitil Energy Systems,NH,ISNE,"6,255","2,681","12,838",0.7,0.3,1.6,"61,931","26,542","104,559",0.7,0.3,1.6,"1,430",613,"3,084",405,173,873,"1,430",613,"3,084",405,173,873,11.560,11.560
2023,24949,Cass County Elec Coop Inc,ND,MISO,.,.,19,.,.,0.3,.,.,231,.,.,0.3,.,.,20,.,.,4,.,.,20,.,.,4,.,.
2023,26510,Liberty Utilities (Granite State Electri,NH,ISNE,"5,148","3,155","10,907",0.7,0.4,1.5,"48,882","29,960","94,176",0.7,0.4,1.5,"1,935",315,"4,216",561,91,"1,157","1,935",315,"4,216",561,91,"1,157",8.540,9.860
2023,27599,Carroll-White REMC,IN,MISO,.,.,546,.,.,1.5,.,.,"5,460",.,.,1.4,.,.,55,.,.,.,.,.,55,.,.,.,.,.
2023,28541,Clatskanie Peoples Util Dist,OR,BPAT,270,0,793,0.0,0.0,0.2,"4,047",0,"13,816",0.0,0.0,0.2,82,0,897,28,0,81,82,0,897,28,0,81,15.000,0.000
2023,28604,Kerrville Public Utility Board,TX,ERCO,.,.,503,.,.,0.1,.,.,"7,541",.,.,0.1,.,.,45,.,.,60,.,.,250,.,.,300,.,.
2023,38084,Great Lakes Energy Coop,MI,MISO,"1,780",.,"3,553",0.4,.,0.6,"16,594",.,"40,734",0.3,.,0.5,129,.,225,282,.,772,129,.,225,282,.,772,12.000,.
2023,40051,Texas-New Mexico Power Co,TX,ERCO,"9,258",.,"16,661",2.3,.,5.9,"115,152",.,"268,404",2.3,.,5.9,"1,523",.,"4,045",259,.,740,"1,523",.,"4,045",259,.,740,12.438,.
2023,40211,"Wabash Valley Power Assn, Inc",IL,MISO,704,57,869,0.0,0.0,0.1,"10,191",777,"13,491",0.0,0.0,0.1,66,5,94,45,45,120,66,5,94,45,45,120,14.473,13.631
2023,40211,"Wabash Valley Power Assn, Inc",IN,PJM,317,"3,700","4,143",0.0,3.9,3.9,"4,072","52,326","59,356",0.0,3.9,3.9,31,207,269,23,23,62,31,207,269,23,23,62,12.863,14.140
2023,40211,"Wabash Valley Power Assn, Inc",IN,MISO,"21,421","7,794","30,147",4.9,0.8,5.9,"284,914","103,791","410,676",4.9,0.8,5.9,"1,022",457,"1,731",145,144,391,"1,022",457,"1,731",145,144,391,13.300,13.317
2023,40211,"Wabash Valley Power Assn, Inc",MO,MISO,445,926,"1,726",0.1,0.2,0.2,"5,852","12,616","26,797",0.1,0.2,0.2,63,64,199,31,31,82,63,64,199,31,31,82,13.155,13.618
2023,40437,Emerald People's Utility Dist,OR,PACW,430,506,"1,479",0.1,0.1,0.4,"5,501","6,077","20,853",0.1,0.1,0.4,155,121,728,188,221,647,155,121,728,188,221,647,12.800,12.000
2023,40438,Columbia River Peoples Ut Dist,OR,BPAT,574,917,"2,217",0.1,0.0,0.3,"6,885","19,990","39,743",0.1,0.0,0.3,87,132,635,14,23,56,87,132,635,14,23,56,12.000,21.800
2023,40575,Utah Associated Mun Power Sys,UT,WALC,0,.,156,0.0,.,0.0,0,.,"1,591",0.0,.,0.0,0,.,30,0,.,0,0,.,30,0,.,0,0.015,0.000
2023,44372,Oncor Electric Delivery Company LLC,TX,ERCO,"83,561",.,"232,556",14.9,.,66.0,"1,205,425",.,"2,836,451",11.0,.,32.0,"12,419",.,"42,031","1,691",.,"4,737","12,419",.,"42,031","1,691",.,"4,737",14.380,.
2023,54913,NSTAR Electric Company,MA,ISNE,"166,059",.,"180,208",20.0,.,23.5,"1,471,195",.,"1,515,985",20.0,.,23.5,"56,247",.,"200,041","31,664",.,"79,392","56,247",.,"200,041","31,664",.,"79,392",8.860,0.000
2023,55787,City of Moreno Valley - (CA),CA,CISO,.,.,955,.,.,0.1,.,.,"9,555",.,.,0.1,.,.,"1,249",.,.,0,.,.,"1,249",.,.,0,.,.
2023,55937,Entergy Texas Inc.,TX,MISO,"30,299",.,"42,799",7.7,.,13.2,"317,611",.,"528,216",7.7,.,13.2,"2,595",.,"6,599",183,.,555,"2,595",.,"6,639",183,.,555,10.482,.
2023,56146,"Black Hills Colorado Electric, LLC",CO,PSCO,"12,639",0,"17,087",2.3,0.0,3.3,"231,032",0,"272,244",2.4,0.0,3.5,"2,299",0,"2,520","2,024",0,"3,565","2,299",0,"2,520","2,024",0,"3,565",18.280,.
2023,56692,Marin Clean Energy,CA,CISO,"4,672",0,"5,185",0.6,0.0,0.7,"52,409",0,"56,507",0.6,0.0,0.7,367,0,"1,017",53,0,247,367,0,"1,017",53,0,247,9.457,.
2023,56697,Ameren Illinois Company,IL,MISO,"173,614",.,"373,743",22.9,.,47.8,"2,565,226",.,"4,588,089",22.9,.,47.8,"26,232",.,"64,723","25,142",.,"58,468","26,232",.,"64,723","25,142",.,"58,468",15.200,.
2023,57156,NYSERDA,NY,NYIS,"249,691","53,659","324,987",11.0,0.0,17.2,"3,954,878","806,581","5,156,882",11.0,0.0,17.2,"40,840","10,748","108,582","11,602","2,235","35,550","40,840","10,748","108,582","11,602","2,235","35,550",15.840,15.030
2023,57201,Energy Trust of Oregon,OR,PGE,"203,295","160,001","437,793",41.0,25.6,93.2,"2,697,497","1,812,389","5,575,195",34.1,22.1,73.3,"37,358","26,369","89,488","38,114","15,444","72,926","37,358","26,369","89,488","38,114","15,444","72,926",13.000,11.000
2023,57346,Efficiency Maine Trust,ME,ISNE,"38,455",.,"77,859",5.4,.,10.8,"507,513",.,"772,366",5.4,.,10.8,"10,458",.,"27,904","3,379",.,"9,012","10,458",.,"27,904","3,379",.,"9,012",13.198,.
2023,57347,Vermont Energy Investment Corporation,VT,ISNE,"49,530",.,"73,268",8.5,.,9.9,"652,329",.,"963,298",8.5,.,9.9,"10,240",.,"19,691","11,578",.,"18,980","10,240",.,"19,691","11,578",.,"18,980",13.170,.
2023,57349,Focus on Energy,WI,MISO,"179,964","184,118","458,493",35.7,23.5,78.4,"3,283,131","2,772,167","7,446,114",35.7,23.5,78.4,"13,144","15,797","55,101","11,475","10,332","35,261","13,144","15,797","55,101","11,475","10,332","35,261",18.243,15.056
2023,57483,Liberty Utilities,CA,CISO,228,.,358,0.1,.,0.2,"3,217",.,"4,601",0.1,.,0.2,32,.,99,106,.,388,32,.,99,106,.,388,14.100,.
2023,58124,City of Winter Park - (FL),FL,FPC,.,.,17,.,.,.,.,.,166,.,.,.,.,.,.,.,.,4,.,.,.,.,.,4,.,.
2023,58127,Cape Light Compact,MA,ISNE,"9,041",.,"16,727",1.2,.,1.5,"85,283",.,"211,396",1.2,.,1.5,"9,478",.,"49,506","3,667",.,"15,447","9,478",.,"49,506","3,667",.,"15,447",9.430,.
2023,58128,DC Sustainable Energy Utility,DC,PJM,"65,704",.,"75,574",18.0,.,19.4,"844,070",.,"912,016",18.0,.,19.4,"5,154",.,"10,594","3,731",.,"7,671","5,154",.,"10,594","3,731",.,"7,671",12.850,.
2023,58854,Delaware Sustainable Energy Utility,DE,PJM,"16,527",.,"23,758",.,.,.,"297,488",.,"427,646",.,.,.,"62,332",.,"74,118",.,.,.,"62,332",.,"74,118",.,.,.,.,.
2023,58855,Hawaii Energy Efficiency Program,HI,NA,"43,594",.,"70,519",5.8,.,9.3,"555,673",.,"900,040",5.8,.,9.3,"8,285",.,"16,721","4,919",.,"10,003","8,285",.,"16,721","4,919",.,"10,003",12.700,.
2023,59013,PUD No 1 of Jefferson County,WA,BPAT,257,.,910,0.3,.,0.8,"110,780",.,"121,423",0.3,.,0.8,65,.,443,.,.,.,65,.,443,.,.,.,12.900,.
2023,59118,NJ Clean Energy Program,NJ,PJM,"46,406",.,"60,544",13.8,.,15.6,"716,989",.,"956,885",13.8,.,15.6,"24,006",.,"63,569","7,457",.,"18,605","24,006",.,"63,569","7,457",.,"18,605",15.450,.
2023,60631,Upper Michigan Energy Resources Corp.,MI,MISO,.,.,.,.,.,.,.,.,.,.,.,.,.,.,.,.,.,.,.,.,.,.,.,.,.,.
2023,60868,Redwood Coast Energy Authority,CA,CISO,120,22,170,0.0,0.0,0.0,205,23,565,0.0,0.0,0.0,120,22,188,167,32,243,120,22,188,167,32,243,12.028,12.000
2023,61858,San Jose Clean Energy,CA,CISO,"2,582",.,"2,611",0.5,.,0.5,"17,838",.,"18,052",0.5,.,0.5,856,.,908,657,.,781,856,.,908,657,.,781,0.100,.
2023,65352,Umpqua Indian Utility Cooperative,OR,BPAT,67,.,67,.,.,.,674,.,674,.,.,.,8,.,8,28,.,28,40,.,40,.,.,.,10.000,.
NM - Data is Not Meaningful.,,,,,,,,,,,,,,,,,,,,,,,,,,,,,,